nome_istituzione;provincia;tipo;email_istituzionale;pec;sito_web;linkedin;social;numero_telefono
"""G. SALERNO""";Palermo;statale;pais01700b@istruzione.it;pais01700b@pec.istruzione.it;https://www.isisgangi.edu.it/;NON PRESENTE;https://www.facebook.com/IstitutoGSalernoGangi;+39 0921 501229
A. VOLTA;Palermo;statale;pais027002@istruzione.it;pais027002@pec.istruzione.it;https://iissvolta.edu.it/;NON PRESENTE;https://www.instagram.com/iissvolta/;091 6494211
ALBERT EINSTEIN;Palermo;statale;paps05000c@istruzione.it;paps05000c@pec.istruzione.it;https://www.liceoeinstein.edu.it/;NON PRESENTE;https://www.facebook.com/LiceoEinsteinPalermo;091 682 3640
BENEDETTO CROCE;Palermo;statale;paps100008@istruzione.it;paps100008@pec.istruzione.it;https://www.liceocroce.edu.it/;NON PRESENTE;https://www.facebook.com/liceoscientificostatalebenedettocroce/?locale=it_IT; 0916512200
COLLEGIO DI MARIA AL CAPO;Palermo;paritaria;collegiocapo@libero.it;collegiocapo@certificazioneposta.it;https://collegiocapo.blogspot.com/;NON PRESENTE;https://www.facebook.com/p/Scuola-Paritaria-Collegio-di-Maria-al-Capo-100038684276383/?locale=it_IT;091 587728
COLLEGIO DI MARIA LA PURITA;Palermo;paritaria;ic@collegiodimarialapurita.it;collegio_lapurita@pec.it;http://www.collegiodimarialapurita.it/;NON PRESENTE;https://www.facebook.com/CollegioDiMariaLaPurita/;091 688 6835
COLLESANO;Palermo;statale;paic8bd00a@istruzione.it;paic8bd00a@pec.istruzione.it;https://www.istitutocomprensivocollesano.edu.it/;NON PRESENTE;NON PRESENTE;0921660221 
CUORE IMMACOLATO DI MARIA;Palermo;paritaria;NON PRESENTE;NON PRESENTE;https://www.scuolacimpalermo.it/;NON PRESENTE;https://www.facebook.com/scuolacimpalermo;091 422006
DON CALOGERO DI VINCENTI;Palermo;statale;pais01400x@istruzione.it;pais01400x@pec.istruzione.it;https://www.istitutosuperiorebisacquino.edu.it/;NON PRESENTE;https://www.facebook.com/p/IISS-Don-Calogero-di-Vincenti-Bisacquino-100054329060119/?locale=it_IT;091 835 1279
ERNESTO BASILE;Palermo;statale;paps060003@istruzione.it;paps060003@pec.istruzione.it;https://www.liceobasile.it/;NON PRESENTE;https://www.facebook.com/liceoscientificobasile;091 630 2800
F. FERRARA;Palermo;statale;pais02300p@istruzione.it;pais02300p@pec.istruzione.it;https://www.iissferrara.edu.it/;NON PRESENTE;https://www.facebook.com/www.iissfrancescoferrara.it;091 332721
F.PAOLO CASCINO (EX III ALBERGH);Palermo;statale;pais041008@istruzione.it;pais041008@pec.istruzione.it;https://www.alberghierocascino.edu.it/;NON PRESENTE;https://www.facebook.com/alberghierocascino/?locale=it_IT;091 670 1243
FIABA_;Palermo;paritaria;NON PRESENTE;NON PRESENTE;http://www.istitutofiaba.it/;NON PRESENTE;https://www.facebook.com/unmetodoxcrescere/;091 688 5967
FINOCCHIARO APRILE;Palermo;statale;papm010003@istruzione.it;papm010003@pec.istruzione.it;https://www.istitutofinocchiaroaprile.edu.it/;NON PRESENTE;https://www.facebook.com/liceofinocchiaroaprile/?locale=it_IT;091 343509
GALILEI;Palermo;statale;paps010002@istruzione.it;paps010002@pec.istruzione.it;http://www.liceoggalileipalermo.it/;NON PRESENTE;https://www.facebook.com/LiceoGalileiPalermo;091 515231
GARIBALDI;Palermo;statale;papc04000p@istruzione.it;papc04000p@pec.istruzione.it;http://www.liceogaribaldi.it/;https://it.linkedin.com/in/liceo-classico-garibaldi-palermo-51a2b6215;https://www.facebook.com/LiceoGaribaldiPalermo/;091 589624
GIOVANNI FALCONE;Palermo;statale;pavc010006@istruzione.it;pavc010006@pec.istruzione.it;https://www.icsgiovannifalcone.edu.it/;NON PRESENTE;https://www.facebook.com/p/ICS-Giovanni-Falcone-100054595082792/; 0916710763
I.C PRINCIP. ELENA DI NAPOLI-PA;Palermo;statale;paic87400b@istruzione.it;paic87400b@pec.istruzione.it;http://www.icprincipessaelenapa.it/;NON PRESENTE;https://www.facebook.com/principessaelenadinapoli/?locale=it_IT;091403353
"I.C. ""ALFONSO GIORDANO""";Palermo;statale;paic81600b@istruzione.it;paic81600b@pec.istruzione.it;https://www.iclercarafriddi.edu.it/;NON PRESENTE;NON PRESENTE;091 825 1147
I.C. ABBA /ALIGHIERI -PA;Palermo;statale;paic89900q@istruzione.it;paic89900q@pec.istruzione.it;http://abbaalighieri.edu.it/;NON PRESENTE;https://www.instagram.com/icabbaalighieri/;091 637 4806
I.C. ALBERICO GENTILI -PA;Palermo;statale;paic8an00g@istruzione.it;paic8an00g@pec.istruzione.it;http://www.icsalbericogentilipalermo.edu.it/;NON PRESENTE;NON PRESENTE;091 625 1761
I.C. ALIA/ROCCAPALUMBA/VALLEDOL;Palermo;statale;paic82800n@istruzione.it;paic82800n@pec.istruzione.it;https://www.icaliaroccapalumbavalledolmo.edu.it/;NON PRESENTE;https://www.facebook.com/Icaliaroccapalumbavalledolmo/?locale=it_IT; 0918214328
I.C. ALTAVILLA MILICIA;Palermo;statale;paic811008@istruzione.it;paic811008@pec.istruzione.it;https://www.icsgagliano.edu.it/;NON PRESENTE;https://www.facebook.com/istitutocomprensivostatalealtavillamilicia;091 952224
I.C. ANTONINO CAPONNETTO -PA;Palermo;statale;paic847003@istruzione.it;paic847003@pec.istruzione.it;https://www.iccaponnetto.edu.it/;NON PRESENTE;https://www.facebook.com/people/Ics-A-Caponnetto-Palermo/100064139709702/;091 533124
I.C. BAGHERIA - T. AIELLO;Palermo;statale;paic83600l@istruzione.it;paic83600l@pec.istruzione.it;http://www.ictaiello.it/;NON PRESENTE;NON PRESENTE;091 902866
I.C. BAGHERIA- IGNAZIO BUTTITTA;Palermo;statale;paic86500l@istruzione.it;paic86500l@pec.istruzione.it;https://www.icsbuttitta.it/;NON PRESENTE;https://www.facebook.com/icsbuttitta/?locale=it_IT;091943343
I.C. BEATO DON PINO PUGLISI;Palermo;statale;paic817007@istruzione.it;paic817007@pec.istruzione.it;http://www.icspuglisi.edu.it/;NON PRESENTE;https://www.facebook.com/ics.puglisi.5;091 630 7402
I.C. CALTAVUTURO -G. ODDO;Palermo;statale;paic81900v@istruzione.it;paic81900v@pec.istruzione.it;https://istitutocomprensivooddo.edu.it/;NON PRESENTE;NON PRESENTE; 0921541196
I.C. CAMPOREALE;Palermo;statale;paic840008@istruzione.it;paic840008@pec.istruzione.it;https://icleonardosciascia.edu.it/;NON PRESENTE;https://www.facebook.com/pages/Istituto%20Comprensivo%20Camporeale/612724848923218/#;0924 37397
I.C. CASTELDACCIA;Palermo;statale;paic84200x@istruzione.it;paic84200x@pec.istruzione.it;https://www.iccasteldaccia.edu.it/;NON PRESENTE;NON PRESENTE;091954299
I.C. CASTELLANA S. /POLIZZI G.;Palermo;statale;paic820003@istruzione.it;paic820003@pec.istruzione.it;https://ic-castellanapolizzi.edu.it/;NON PRESENTE;NON PRESENTE;0921562586
I.C. CEFALU' - NICOLA BOTTA;Palermo;statale;paic8aj008@istruzione.it;paic8aj008@pec.istruzione.it;https://www.icbottacefalu.edu.it/;NON PRESENTE;NON PRESENTE;0921 421065
I.C. CERDA- L. PIRANDELLO;Palermo;statale;paic82900d@istruzione.it;paic82900d@pec.istruzione.it;https://www.istitutocomprensivocerda.edu.it/;NON PRESENTE;https://www.facebook.com/profile.php?id=1614056632249420&_rdr;0916156360
I.C. CIMINNA -DON RIZZO;Palermo;statale;paic812004@istruzione.it;paic812004@pec.istruzione.it;https://icciminna.edu.it/;NON PRESENTE;https://www.facebook.com/icsdonrizzociminna;091 820 4487
I.C. DE GASPERI-PECORARO;Palermo;statale;paic8bt00e@istruzione.it;paic8bt00e@pec.istruzione.it;https://www.icsdegasperipecoraro.edu.it/;NON PRESENTE;https://www.facebook.com/p/Direzione-Didattica-Alcide-De-Gasperi-PA-61550741861404/;091 513992
I.C. FALCONE /FONDO RAFFO -PA;Palermo;statale;paic86900x@istruzione.it;paic86900x@pec.istruzione.it;https://www.icsgiovannifalcone.edu.it/;NON PRESENTE;https://www.facebook.com/p/ICS-Giovanni-Falcone-100054595082792;091 671 0763
I.C. G. DI VITTORIO -PA;Palermo;statale;paic85200e@istruzione.it;paic85200e@pec.istruzione.it;http://www.icsdivittorio.edu.it/;NON PRESENTE;https://www.facebook.com/icsdivittorio/;091 621 6635
I.C. G. FALCONE - CARINI -;Palermo;statale;paic8bc00e@istruzione.it;paic8bc00e@pec.istruzione.it;http://www.icsfalconecarini.edu.it/;NON PRESENTE;https://www.facebook.com/p/Istituto-Comprensivo-Statale-G-Falcone-Carini-PA-100075929215166/;091 866 1302
I.C. G. MARCONI-GARZILLI;Palermo;statale;paic89300r@istruzione.it;paic89300r@pec.istruzione.it;https://www.icsmarconipalermo.edu.it/;NON PRESENTE;https://www.facebook.com/IcsMarconi;0916255080
I.C. GIOTTO /CIPOLLA;Palermo;statale;paic8am00q@istruzione.it;paic8am00q@pec.istruzione.it;https://www.icsgiottocipolla.edu.it/luogo/plesso-michele-cipolla/;NON PRESENTE;https://www.facebook.com/profile.php?id=100076539541638;091 201480
I.C. GIULIANA SALADINO - PA;Palermo;statale;paic897004@istruzione.it;paic897004@pec.istruzione.it;https://www.icgiulianasaladino.edu.it/;NON PRESENTE;https://www.facebook.com/i.c.giulianasaladino;091 673 4993
I.C. GIUSEPPE SCELSA -PA;Palermo;statale;paic8ar00v@istruzione.it;paic8ar00v@pec.istruzione.it;http://www.icscelsa.edu.it/;NON PRESENTE;https://www.facebook.com/p/Giuseppe-Scelsa-ic-61557723324187/;091 765 1898
I.C. L.DA VINCI /G.CARDUCCI -PA;Palermo;statale;paic8ak004@istruzione.it;paic8ak004@pec.istruzione.it;https://www.icdavincicarducci.edu.it/;NON PRESENTE;NON PRESENTE;091 401313
I.C. L.PIRANDELLO/B. ULIVIA -PA;Palermo;statale;paic87300g@istruzione.it;paic87300g@pec.istruzione.it;https://www.icspirandelloborgoulivia.edu.it/;NON PRESENTE;NON PRESENTE;091447736
I.C. LOMBARDO RADICE -PA;Palermo;statale;paic8ad00q@istruzione.it;paic8ad00q@pec.istruzione.it;http://www.icslombardoradice.edu.it/;NON PRESENTE;https://www.facebook.com/ICSLombardoRadicePalermo;091 212637
I.C. M.RAPISARDI /GARIBALDI -PA;Palermo;statale;paic8ap007@istruzione.it;paic8ap007@pec.istruzione.it;http://www.rapisardigaribaldi.it/;NON PRESENTE;https://www.facebook.com/I.C.RapisardiGaribaldiPalermo/;091 340086
I.C. MARGHERITA HACK -PA;Palermo;statale;paic8as004@istruzione.it;paic8as004@pec.istruzione.it;https://www.icmargheritahackpa.it/;NON PRESENTE;NON PRESENTE;091 660 5017
I.C. MICHELANGELO BUONARROTI-PA;Palermo;statale;paic87100x@istruzione.it;paic87100x@pec.istruzione.it;https://www.icsbuonarroti.edu.it/;NON PRESENTE;NON PRESENTE;091221001
I.C. MONREALE - F. MORVILLO;Palermo;statale;paic8a300x@istruzione.it;paic8a300x@pec.istruzione.it;http://icsmorvillo.it/;NON PRESENTE;https://www.facebook.com/icsmorvillo/?locale=it_IT;091 640 5406
I.C. MONTEGRAPPA /R. SANZIO-PA;Palermo;statale;paic8ay003@istruzione.it;paic8ay003@pec.istruzione.it;https://www.montegrappa-sanzio.edu.it/;NON PRESENTE;NON PRESENTE;091484817
I.C. P VIRGILIO MARONE TOMASELL;Palermo;statale;paic8bm00a@istruzione.it;paic8bm00a@pec.istruzione.it;http://www.scuolamediastatalevirgilio.edu.it/;NON PRESENTE;NON PRESENTE;091 511018
I.C. PARTINICO CASSARA' - GUIDA;Palermo;statale;paic88000p@istruzione.it;paic88000p@pec.istruzione.it;https://istitutocomprensivocassara.edu.it/;NON PRESENTE;https://www.facebook.com/iccassaraguida;091 729 6754
I.C. PIANA DEGLI ALBANESI;Palermo;statale;paic88100e@istruzione.it;paic88100e@pec.istruzione.it;http://www.icsskanderbeg.edu.it/;NON PRESENTE;https://www.facebook.com/profile.php?id=61565835704579;091 857 4439
I.C. RENATO GUTTUSO -PA;Palermo;statale;paic855002@istruzione.it;paic855002@pec.istruzione.it;https://www.icsguttusopalermo.edu.it/;NON PRESENTE;https://www.facebook.com/p/IC-Renato-Guttuso-Palermo-100063467802215/?locale=it_IT;091 614 4932
I.C. RETTORE F.EVOLA;Palermo;statale;paic83700c@istruzione.it;paic83700c@pec.istruzione.it;http://icbalestrate.it/;NON PRESENTE;https://www.facebook.com/ic.rettore.f.evola;091 898 0071
I.C. ROSARIO LIVATINO;Palermo;statale;paic8a500g@istruzione.it;paic8a500g@pec.istruzione.it;https://www.icrosariolivatino.edu.it/;NON PRESENTE;https://www.facebook.com/istitutocomprensivorosariolivatinoficarazzi;091 636 0746
I.C. RUSSO / RACITI - PA;Palermo;statale;paic8az00v@istruzione.it;paic8az00v@pec.istruzione.it;https://www.icrussoraciti.it/accessibile/;NON PRESENTE;https://www.facebook.com/p/IC-Russo-Raciti-Palermo-100047317400593/;091 311151
I.C. SANTA FLAVIA - K. WOJTYLA;Palermo;statale;paic88500t@istruzione.it;paic88500t@pec.istruzione.it;http://icssantaflavia.it/;NON PRESENTE;https://www.facebook.com/profile.php?id=100063472725110;091 947060
I.C. SCINA'/COSTA -PA;Palermo;statale;paic8ac00x@istruzione.it;paic8ac00x@pec.istruzione.it;http://icscina-costa.it/;NON PRESENTE;https://www.facebook.com/profile.php?id=100064015954588#;091 486725
I.C. SIRAGUSA;Palermo;statale;paic8bp00t@istruzione.it;paic8bp00t@pec.istruzione.it;https://www.ddalessandrasiragusa.edu.it/;NON PRESENTE;https://www.facebook.com/profile.php?id=61581182437060; 0916711192
I.C. UDITORE /SETTI CARRARO -PA;Palermo;statale;paic8aq003@istruzione.it;paic8aq003@pec.istruzione.it;https://www.icsuditoresetticarraro.it/;NON PRESENTE;NON PRESENTE;091 205442
I.C.PEREZ-M.TERESA DI CALCUTTA;Palermo;statale;paic81300x@istruzione.it;paic81300x@pec.istruzione.it;https://www.icsperezcalcutta.edu.it/;NON PRESENTE;https://www.facebook.com/groups/858221124634550/;091 617 2218
"I.C.S "" MATTARELLA -BONAGIA""";Palermo;statale;paic892001@istruzione.it;paic892001@pec.istruzione.it;https://www.icmattarellabonagia.it/;NON PRESENTE;NON PRESENTE;091 444138
I.C.S GUASTELLA - LANDOLINA;Palermo;statale;paic8bw002@istruzione.it;paic8bw002@pec.istruzione.it;http://www.scuolacosmoguastella.edu.it/;NON PRESENTE;https://www.facebook.com/p/ICS-Guastella-Landolina-61570451566080/?locale=it_IT;091 894 3780
I.C.S. FALCONE E BORSELLINO;Palermo;statale;paic84900p@istruzione.it;paic84900p@pec.istruzione.it;http://icbagheriaaspra.edu.it/;NON PRESENTE;https://www.facebook.com/groups/1851367155089904/?locale=it_IT;091 943333
I.C.S. MARGHERITA DI NAVARRA;Palermo;statale;paic85800d@istruzione.it;paic85800d@pec.istruzione.it;https://www.icsmargheritadinavarra.edu.it/;NON PRESENTE;https://www.facebook.com/icsnavarramonreale;091 382 5217
I.C.S. PADRE PINO PUGLISI;Palermo;statale;paic87200q@istruzione.it;paic87200q@pec.istruzione.it;http://www.icspuglisi.edu.it/;NON PRESENTE;https://www.facebook.com/ics.puglisi.5;091 630 7402
I.C.S. RAGUSA MOLETI;Palermo;statale;paic8br00d@istruzione.it;paic8br00d@pec.istruzione.it;https://www.icsragusamoleti.edu.it/;NON PRESENTE;https://www.facebook.com/p/Istituto-Comprensivo-Ragusa-Moleti-61567754205741/;091 485984
I.C.S. TRAINA;Palermo;statale;paic8bv006@istruzione.it;paic8bv006@pec.istruzione.it;https://www.direzionetrainamisilmeri.edu.it/;NON PRESENTE;https://www.facebook.com/profile.php?id=61570034275648;091 872 1264
I.C.S.GIUSEPPE JATO/S.CIPIRELLO;Palermo;statale;paic884002@istruzione.it;paic884002@pec.istruzione.it;https://scuoledellojato.edu.it/;NON PRESENTE;https://www.facebook.com/profile.php?id=61583833443434;0918579953
I.C.S.GUGLIELMO II;Palermo;statale;paic86400r@istruzione.it;paic86400r@pec.istruzione.it;https://www.icsguglielmosecondo.edu.it/;NON PRESENTE;https://www.facebook.com/groups/1704910783072082/?locale=it_IT;0916404489
I.I.S.S. LERCARA FRIDDI;Palermo;statale;pais01100c@istruzione.it;pais01100c@pec.istruzione.it;https://www.iislercarafriddi.edu.it/;NON PRESENTE;https://www.facebook.com/iislercarafriddi/?locale=it_IT;091 821 3969
"I.P.S.S.E.O.A. ""PIETRO PIAZZA""";Palermo;statale;parh02000a@istruzione.it;parh02000a@pec.istruzione.it;https://www.ipsseoapiazza.edu.it/;NON PRESENTE;https://www.facebook.com/IstitutoPiazzaPalermo/;091 610 1012
IC DE AMICIS - DA VINCI;Palermo;statale;paic8bf002@istruzione.it;paic8bf002@pec.istruzione.it;https://www.icdeamicisdavinci.edu.it/;https://www.linkedin.com/company/direzione-didattica-de-amicis-palermo/;https://www.facebook.com/deamicispa/;091 6814341
ICS R.BORSELLINO;Palermo;statale;paic89800x@istruzione.it;paic89800x@pec.istruzione.it;http://icsritaborsellino.edu.it/;NON PRESENTE;https://www.instagram.com/icsritaborsellino/;091 616 4473
IIS - LUIGI FAILLA TEDALDI;Palermo;statale;pais00700r@istruzione.it;pais00700r@pec.istruzione.it;http://iistedaldi.edu.it/;NON PRESENTE;https://www.facebook.com/p/IIS-Luigi-Failla-Tedaldi-100064103551720/?locale=it_IT;0921 671453
IM REGINA MARGHERITA;Palermo;statale;papm04000v@istruzione.it;papm04000v@pec.istruzione.it;https://www.liceoreginamargherita.edu.it/;NON PRESENTE;https://www.facebook.com/liceocoreuticoreginamargherita/;091 334424
IS DON G. COLLETTO;Palermo;statale;pais00900c@istruzione.it;pais00900c@pec.istruzione.it;https://www.doncolletto.edu.it/;NON PRESENTE;https://www.facebook.com/p/IISS-DON-Giovanni-Colletto-100095188653823/;091 846 4242
IS DUCA ABRUZZI - E. PARETO;Palermo;statale;pais04400q@istruzione.it;pais04400q@pec.istruzione.it;https://www.isducaeinaudipareto.edu.it/;NON PRESENTE;https://www.facebook.com/DucaEinaudiPareto;091515921
IS G. UGDULENA;Palermo;statale;pais00100t@istruzione.it;pais00100t@pec.istruzione.it;http://www.istitutougdulena.it/;NON PRESENTE;https://www.facebook.com/p/Liceo-Artistico-G-Ugdulena-Termini-Imerese-100063887257488/;091 814 5643
IS MAJORANA;Palermo;statale;pais01600g@istruzione.it;pais01600g@pec.istruzione.it;http://majoranapa.edu.it/;NON PRESENTE;https://www.instagram.com/istituto_majorana/;091518094
ISTITUTO GONZAGA;Palermo;paritaria;segreteria@gonzagapalermo.it;NON PRESENTE;https://gonzagacampus.it/;NON PRESENTE;https://www.facebook.com/gonzagacampuspalermo;091 302093
ISTITUTO KEYNES - ANCELLE;Palermo;paritaria;NON PRESENTE;NON PRESENTE;https://www.keynesinstitute.it/;https://www.linkedin.com/company/keynes-institute/;https://www.facebook.com/keynesinstitutepalermo;091 778 4123
ISTITUTO MAGISTRALE DI CACCAMO;Palermo;statale;papm12000e@istruzione.it;papm12000e@pec.istruzione.it;http://liceomagistralepanzecacaccamo.edu.it/;NON PRESENTE;https://www.facebook.com/p/Liceo-delle-Scienze-Umane-di-Caccamo-100049008466955/?locale=it_IT;091 812 1377
ISTITUTO MARCELLINO CORRADINO;Palermo;paritaria;casageneralizia@libero.it;NON PRESENTE;NON PRESENTE;NON PRESENTE;https://www.facebook.com/IstitutoMarcellinoCorradini?locale=it_IT;091 409094
ISTITUTO SUPERIORE DANILO DOLCI;Palermo;statale;pais021003@istruzione.it;pais021003@pec.istruzione.it;https://www.isdanilodolci.edu.it/;NON PRESENTE;https://www.facebook.com/iisDaniloDolci/;091 890 1103
ISTITUTO SUPERIORE STATALE MARIO RUTELLI;Palermo;statale;pais026006@istruzione.it;pais026006@pec.istruzione.it;http://www.istitutosuperiorerutellipa.it/;NON PRESENTE;https://www.facebook.com/ilrutelli/;091 668 4134
International Montessori Institute - Plesso Immacolata Concezione;Palermo;paritaria;pa1e02900t@istruzione.it;pa1e02900t@pec.istruzione.it;http://ecoscuolamontessori.com/;NON PRESENTE;https://www.facebook.com/ecoscuolamontessori/;091 891 7680
JACOPO DEL DUCA - DIEGO BIANCA AMATO;Palermo;statale;pais02200v@istruzione.it;pais02200v@pec.istruzione.it;http://www.delduca-biancaamato.it/;NON PRESENTE;https://www.facebook.com/ducamato/;0921 421415
L. STAT. FELICIA E PEPPINO IMPASTATO;Palermo;statale;paps080008@istruzione.it;paps080008@pec.istruzione.it;https://www.liceostatalefeliciaepeppinoimpastato.edu.it/;NON PRESENTE;https://www.facebook.com/LiceoImpastato/?locale=it_IT;0918780462
LICEO GINNASIO DI STATO (F. SCADUTO);Palermo;statale;papc01000v@istruzione.it;papc01000v@pec.istruzione.it;http://www.liceoscadutobagheria.it/;NON PRESENTE;https://www.facebook.com/LiceoGinnasioScaduto;091 961359
"LICEO SCIENTIFICO STATALE ""S.CANNIZZARO""";Palermo;statale;paps02000l@istruzione.it;paps02000l@pec.istruzione.it;https://liceocannizzaropalermo.edu.it/;NON PRESENTE;https://www.instagram.com/liceocannizzaro.pa/;091 347266
LICEO SCIENTIFICO STATALE NICOLO' PALMERI;Palermo;statale;paps24000g@istruzione.it;paps24000g@pec.istruzione.it;https://www.liceopalmeri.edu.it/;NON PRESENTE;https://www.facebook.com/p/Liceo-Scientifico-N-Palmeri-100057641133023/?locale=it_IT;091 814 4145
MANDRALISCA;Palermo;statale;pais00200n@istruzione.it;pais00200n@pec.istruzione.it;https://www.iismandralisca.edu.it/;NON PRESENTE;https://www.facebook.com/iismandralisca;0921 421695
MANERI INGRASSIA-DON MILANI;Palermo;statale;paic8bb00p@istruzione.it;paic8bb00p@pec.istruzione.it;https://www.icmaneriingrassiadonmilani.it/;NON PRESENTE;NON PRESENTE;091475229
MARIA AUSILIATRICE;Palermo;paritaria;NON PRESENTE;NON PRESENTE;NON PRESENTE;NON PRESENTE;https://www.facebook.com/mariaausiliatricepalermo/;091 661 8709
MELI;Palermo;statale;papc030004@istruzione.it;papc030004@pec.istruzione.it;http://www.liceomelipalermo.it/;https://it.linkedin.com/in/rita-manuela-betta-62135378;https://www.facebook.com/gibi253/;091 688 4720
S.ANNA;Palermo;paritaria;segreteria.santanna@alice.it;NON PRESENTE;https://istsantannapa.edu.it/;NON PRESENTE;https://www.facebook.com/congregazionefigliedisanna/?locale=it_IT;0916516678
THOMAS MORE;Palermo;paritaria;NON PRESENTE;NON PRESENTE;http://www.scuolathomasmore.it/;NON PRESENTE;https://www.facebook.com/ScuolaThomasMore;091 611 91 92
UGO MURSIA;Palermo;statale;pais004009@istruzione.it;pais004009@pec.istruzione.it;http://www.iismursia.edu.it/;NON PRESENTE;https://www.facebook.com/istitutougomursia/;091 868 8072
VITTORIO EMANUELE II;Palermo;statale;papc11000q@istruzione.it;papc11000q@pec.istruzione.it;https://www.liceovittorioemanuelepa.edu.it/;NON PRESENTE;https://www.facebook.com/orienta.live.pa/;091 581942
IC - A. MANZONI;Agrigento;statale;agic841006@istruzione.it;agic841006@pec.istruzione.it;https://www.icmanzoniadr.edu.it/;NON PRESENTE;https://www.facebook.com/icmanzoniadr/?locale=it_IT;0922 981041
IC - A. MANZONI;Agrigento;statale;agic812006@istruzione.it;agic812006@pec.istruzione.it;NON PRESENTE;NON PRESENTE;NON PRESENTE;
IC - ANDREA CAMILLERI;Agrigento;statale;agic85800g@istruzione.it;agic85800g@pec.istruzione.it;https://www.icandreacamilleri.edu.it/;NON PRESENTE;https://www.facebook.com/i.c.bersagliereursomendola;0922 420792
IC - DANTE ALIGHIERI;Agrigento;statale;agic84400n@istruzione.it;agic84400n@pec.istruzione.it;http://www.icdantealighierisciacca.edu.it/;NON PRESENTE;https://www.facebook.com/icdantealighierisciacca;0925 21476
IC - DE COSMI;Agrigento;statale;agic85200l@istruzione.it;agic85200l@pec.istruzione.it;http://www.icdecosmicasteltermini.edu.it/;NON PRESENTE;https://www.facebook.com/p/IC-De-Cosmi-Casteltermini-100076563365443/;0922 916471
IC - DON BOSCO;Agrigento;statale;agic85600x@istruzione.it;agic85600x@pec.istruzione.it;https://www.icdonboscoribera.edu.it/;NON PRESENTE;https://www.facebook.com/p/Istituto-Comprensivo-Don-Bosco-Navarro-Ribera-Ag-100042657711105/?locale=it_IT;0925 61281
IC - ESSENETO;Agrigento;statale;agic82200r@istruzione.it;agic82200r@pec.istruzione.it;https://www.scuolaicesseneto.edu.it/;NON PRESENTE;NON PRESENTE;092222988
IC - FALCONE - BORSELLINO;Agrigento;statale;agic86100b@istruzione.it;agic86100b@pec.istruzione.it;https://www.scuolafalconeborsellino.edu.it/;NON PRESENTE;https://www.facebook.com/groups/1588687001346993/;0922 32634
IC - FRANCESCO GIORGIO;Agrigento;statale;agic848001@istruzione.it;agic848001@pec.istruzione.it;http://www.icfrancescogiorgio.edu.it/;NON PRESENTE;https://www.facebook.com/p/Istituto-Comprensivo-F-Giorgio-100063647468220/;0922 183 7367
IC - G. GARIBALDI;Agrigento;statale;agic819001@istruzione.it;agic819001@pec.istruzione.it;https://www.icagrigentocentro.edu.it/;NON PRESENTE;https://www.facebook.com/Lauricella.Garibaldi.Pirandello;0922 20786
IC - GIACOMO LEOPARDI;Agrigento;statale;agic833007@istruzione.it;agic833007@pec.istruzione.it;https://www.istitutocomprensivoleopardi.edu.it/;NON PRESENTE;https://www.facebook.com/ICS.LEOPARDI;0922892766
IC - L. CAPUANA;Agrigento;statale;agic846009@istruzione.it;agic846009@pec.istruzione.it;https://www.iccapuanaaragona.it/;NON PRESENTE;NON PRESENTE;092236422
IC - L. PIRANDELLO;Agrigento;statale;agic81000e@istruzione.it;agic81000e@pec.istruzione.it;https://www.icpirandellope.it/;NON PRESENTE;https://www.facebook.com/icpirandellope;0922 25302
IC - LIVATINO;Agrigento;statale;agic86400v@istruzione.it;agic86400v@pec.istruzione.it;https://www.icrosariolivatinoportoempedocle.edu.it/home.html;NON PRESENTE;NON PRESENTE;0922 634355
IC - MARIANO ROSSI;Agrigento;statale;agic84500d@istruzione.it;agic84500d@pec.istruzione.it;http://www.icmarianorossi.edu.it/;NON PRESENTE;https://www.facebook.com/IstitutoComprensivoMarianoRossi;0925 21263
IC - MARIO RAPISARDI;Agrigento;statale;agic82900g@istruzione.it;agic82900g@pec.istruzione.it;https://www.icrapisardi.edu.it/;NON PRESENTE;https://www.facebook.com/groups/221476684647747/;0922 424793
IC - S. BIVONA;Agrigento;statale;agic83600p@istruzione.it;agic83600p@pec.istruzione.it;https://www.icsantibivona.edu.it/;NON PRESENTE;https://www.facebook.com/pirandelpanepinto/?locale=it_IT;0925 71895
IC G. PHILIPPONE GIOVANNI XXIII;Agrigento;statale;agic818005@istruzione.it;agic818005@pec.istruzione.it;https://ic-philippone.edu.it/;NON PRESENTE;NON PRESENTE;0922 903041
IIS - AMBROSINI - M.L. KING;Agrigento;statale;agis02800x@istruzione.it;agis02800x@pec.istruzione.it;https://www.alberghierofavara.edu.it/;NON PRESENTE;https://www.facebook.com/mlking.liceo/?locale=it_IT;0922 34285
IIS - CALOGERO AMATO VETRANO;Agrigento;statale;agis01200a@istruzione.it;agis01200a@pec.istruzione.it;http://amatovetranosciacca.edu.it/;NON PRESENTE;https://www.facebook.com/iissamatovetrano/?locale=it_IT;0925 992116
IIS - DON MICHELE ARENA;Agrigento;statale;agis01600n@istruzione.it;agis01600n@pec.istruzione.it;https://www.iissarena.edu.it/;NON PRESENTE;https://www.facebook.com/iissdonmichelearena/?locale=it_IT;0925 22510
IIS - ENRICO FERMI;Agrigento;statale;agis02400l@istruzione.it;agis02400l@pec.istruzione.it;https://www.iissenricofermi.it/;NON PRESENTE;https://www.facebook.com/iissfermi.edu.it;0922 602498
IIS - FRANCESCO CRISPI;Agrigento;statale;agis021005@istruzione.it;agis021005@pec.istruzione.it;http://www.istitutosuperiorecrispiribera.edu.it/;NON PRESENTE;https://www.facebook.com/people/IIS-Francesco-Crispi-di-Ribera/61550820458936/;0925 61523
IIS - G.B. ODIERNA;Agrigento;statale;agis022001@istruzione.it;agis022001@pec.istruzione.it;http://www.iisodierna.edu.it/;NON PRESENTE;https://www.facebook.com/iisodierna;0922.968004
IIS - GALILEO GALILEI;Agrigento;statale;agis027004@istruzione.it;agis027004@pec.istruzione.it;http://www.galileicanicatti.edu.it/;NON PRESENTE;https://www.facebook.com/iissgalilei;0922 852999
IIS - LUIGI PIRANDELLO;Agrigento;statale;agis01700d@istruzione.it;agis01700d@pec.istruzione.it;https://www.iiss-pirandello-bivona.edu.it/;NON PRESENTE;https://www.facebook.com/pirandelpanepinto/;0922 983223
IIS - N. GALLO - L. SCIASCIA;Agrigento;statale;agis02300r@istruzione.it;agis02300r@pec.istruzione.it;https://www.isgallosciascia.edu.it/;NON PRESENTE;NON PRESENTE;0922604313
IIS - TOMMASO FAZELLO;Agrigento;statale;agis00800p@istruzione.it;agis00800p@pec.istruzione.it;http://iissfazello.edu.it/;NON PRESENTE;https://www.facebook.com/443568352182095/;0925 21642
IIS - UGO FOSCOLO;Agrigento;statale;agis00100x@istruzione.it;agis00100x@pec.istruzione.it;https://www.liceocanicatti.edu.it/;NON PRESENTE;https://www.instagram.com/liceidicanicatti/;0922 851006
LICEO CLASSICO - EMPEDOCLE;Agrigento;statale;agpc010001@istruzione.it;agpc010001@pec.istruzione.it;http://www.liceoempedocle.edu.it/;NON PRESENTE;https://www.facebook.com/liceoclassicomusicaleempedocleagrigento/;0922 20335
LICEO CLASSICO - VINCENZO LINARES;Agrigento;statale;agpc060002@istruzione.it;agpc060002@pec.istruzione.it;http://www.liceolinares.edu.it/;NON PRESENTE;https://www.facebook.com/p/Liceo-Linares-Licata-100076274780064/?locale=it_IT;0922 772266
LICEO SCIENTIFICO - ENRICO FERMI;Agrigento;statale;agps02000p@istruzione.it;agps02000p@pec.istruzione.it;https://www.iissenricofermi.it/;NON PRESENTE;https://www.facebook.com/iissfermi.edu.it/?locale=it_IT;0922602498
LICEO SCIENTIFICO - LEONARDO;Agrigento;statale;agps030009@istruzione.it;agps030009@pec.istruzione.it;https://www.liceoscientificoleonardo.edu.it/;NON PRESENTE;https://www.facebook.com/L.S.L.Leonardo/; 092229990
"CPIA ""CALTANISSETTA-ENNA""";Caltanissetta;statale;clmm04200b@istruzione.it;clmm04200b@pec.istruzione.it;https://cpia-cl-en.edu.it/;NON PRESENTE;https://www.facebook.com/cpiacaltanissettaenna/;0934576492
"I.C. ""A. CAPONNETTO-SCIASCIA""";Caltanissetta;statale;clic821009@istruzione.it;clic821009@pec.istruzione.it;https://www.icscaponnettosciascia.edu.it/;NON PRESENTE;https://www.facebook.com/p/Istituto-Comprensivo-Caponnetto-Sciascia-Caltanissetta-61565696461194/;0934 21404
"I.C. ""DON BOSCO""";Caltanissetta;statale;clic823001@istruzione.it;clic823001@pec.istruzione.it;https://www.icdonboscogela.edu.it/;NON PRESENTE;NON PRESENTE; 0933911598
"I.C. ""DON L. MILANI"" - GELA";Caltanissetta;statale;clic83100x@istruzione.it;clic83100x@pec.istruzione.it;http://icsdonmilanigela.edu.it/;NON PRESENTE;https://www.facebook.com/Donmilanigela/?locale=it_IT;0933 196 5968
"I.C. ""E. ROMAGNOLI-SOLITO""";Caltanissetta;statale;clic83200q@istruzione.it;clic83200q@pec.istruzione.it;https://istitutocomprensivoromagnoligela.edu.it/;NON PRESENTE;NON PRESENTE;0933930934
"I.C. ""F. PUGLISI""";Caltanissetta;statale;clic82000d@istruzione.it;clic82000d@pec.istruzione.it;https://www.comprensivopuglisi.it/;NON PRESENTE;https://www.facebook.com/311327695736710;0934931980
"I.C. ""F.M.L. SALERNO""";Caltanissetta;statale;clic82900x@istruzione.it;clic82900x@pec.istruzione.it;https://www.istitutocomprensivoniscemi.edu.it/;NON PRESENTE;https://www.facebook.com/www.istitutocomprensivoniscemi.gov.it/;0933 954570
"I.C. ""G. CARDUCCI""";Caltanissetta;statale;clic81700n@istruzione.it;clic81700n@pec.istruzione.it;https://www.carduccisancataldo.edu.it/;NON PRESENTE;https://www.facebook.com/823439000856331;0934 586261
"I.C. ""G. VERGA""";Caltanissetta;statale;clic83300g@istruzione.it;clic83300g@pec.istruzione.it;https://www.vergagela.edu.it/;NON PRESENTE;https://www.facebook.com/icvergagela/;0934 20390
"I.C. ""G. VERGA""";Caltanissetta;statale;clic81100p@istruzione.it;clic81100p@pec.istruzione.it;NON PRESENTE;NON PRESENTE;NON PRESENTE;
"I.C. ""GELA-BUTERA""";Caltanissetta;statale;clic82400r@istruzione.it;clic82400r@pec.istruzione.it;https://www.matteigela.edu.it/;NON PRESENTE;https://www.facebook.com/icgelabutera/;0933-1966757
"I.C. ""LOMBARDO RADICE""";Caltanissetta;statale;clic828004@istruzione.it;clic828004@pec.istruzione.it;https://www.lombardoradice.edu.it/;NON PRESENTE;https://www.facebook.com/groups/2009333242645546/?locale=it_IT;0934 591967
"I.C. ""M. L. KING""";Caltanissetta;statale;clic82500l@istruzione.it;clic82500l@pec.istruzione.it;http://www.icking.edu.it/;NON PRESENTE;https://www.facebook.com/p/Istituto-comprensivo-Martin-Luther-King-Caltanissetta-100085404633269/;0934 551048
"I.C. ""S. CATERINA-RESUTTANO""";Caltanissetta;statale;clic807003@istruzione.it;clic807003@pec.istruzione.it;https://icsscr.edu.it/;NON PRESENTE;https://www.facebook.com/santacaterinaresuttano;0934 679657
"I.C. ""S. QUASIMODO""";Caltanissetta;statale;clic81000v@istruzione.it;clic81000v@pec.istruzione.it;https://www.quasimodogela.edu.it/;NON PRESENTE;https://m.facebook.com/100063528491950?locale=lv_LV;0933 823290
"I.C. ""SAN FRANCESCO-CAPUANA""";Caltanissetta;statale;clic827008@istruzione.it;clic827008@pec.istruzione.it;https://www.sanfrancesco-gela.edu.it/;NON PRESENTE;https://www.facebook.com/istitutocomprensivo.sanfrancesco;0933 913030
"I.C. ""V. VENETO""";Caltanissetta;statale;clic822005@istruzione.it;clic822005@pec.istruzione.it;https://www.istitutocomprensivovittorioveneto.edu.it/;NON PRESENTE;https://www.facebook.com/groups/303041009771493/?locale=it_IT;0934 25809
"I.C. ""VALLELUNGA-MARIANOPOLI""";Caltanissetta;statale;clic80400g@istruzione.it;clic80400g@pec.istruzione.it;http://comprensivovallelungamarianopoli.edu.it/;NON PRESENTE;NON PRESENTE;0934 814079
I.C. BALSAMO;Caltanissetta;statale;clic835007@istruzione.it;clic835007@pec.istruzione.it;https://www.icsbalsamo.edu.it/;NON PRESENTE;NON PRESENTE; 0934571232
I.C. G. CARDUCCI;Caltanissetta;statale;clic83400b@istruzione.it;clic83400b@pec.istruzione.it;NON PRESENTE;NON PRESENTE;NON PRESENTE;
"I.I.S. ""A. MANZONI-F. JUVARA """;Caltanissetta;statale;clis01400a@istruzione.it;clis01400a@pec.istruzione.it;http://www.liceimanzonijuvara.edu.it/;NON PRESENTE;https://www.facebook.com/IISSManzoniJuvara;0934 598909
"I.I.S. ""A. VOLTA""";Caltanissetta;statale;clis01900d@istruzione.it;clis01900d@pec.istruzione.it;http://www.liceoscientificovolta.edu.it/;NON PRESENTE;https://www.facebook.com/scientificovoltacaltanissetta/?locale=it_IT;0934 591533
"I.I.S. ""C.M. CARAFA"" - MAZZARINO E RIESI";Caltanissetta;statale;clis007007@istruzione.it;clis007007@pec.istruzione.it;http://www.iisscmcarafa.edu.it/;NON PRESENTE;https://www.facebook.com/IsissCarloMariaCarafaMazzarino/?locale=it_IT;0934 381664
"I.I.S. ""E. MORSELLI - L. STURZO""";Caltanissetta;statale;clis022009@istruzione.it;clis022009@pec.istruzione.it;https://www.morsellisturzo.edu.it/;NON PRESENTE;https://www.facebook.com/morsellisturzogela/; 0933930997
"I.I.S. ""L. DA VINCI""";Caltanissetta;statale;clis002004@istruzione.it;clis002004@pec.istruzione.it;https://www.leonardoniscemi.edu.it/;NON PRESENTE;NON PRESENTE;0933 953082
"I.I.S. ""L. RUSSO""";Caltanissetta;statale;clis01300e@istruzione.it;clis01300e@pec.istruzione.it;http://www.iissrusso.edu.it/;NON PRESENTE;https://www.facebook.com/luigirussocaltanissetta/;0934 554255
"I.I.S. ""S. MOTTURA""";Caltanissetta;statale;clis01200p@istruzione.it;clis01200p@pec.istruzione.it;https://www.istitutomottura.it/;NON PRESENTE;https://www.facebook.com/iissmottura;0934 591280
"I.I.S. ""VIRGILIO""";Caltanissetta;statale;clis008003@istruzione.it;clis008003@pec.istruzione.it;https://www.virgiliomussomeli.edu.it/;NON PRESENTE;https://www.facebook.com/p/IISS-Virgilio-Mussomeli-100064095371716/?locale=it_IT;0934 993967
"I.T.E.T. ""RAPISARDI-DA VINCI""";Caltanissetta;statale;cltd090005@istruzione.it;cltd090005@pec.istruzione.it;http://www.rapisardidavinci.edu.it/;NON PRESENTE;https://www.facebook.com/itetrapisardidavinci;0934 25377
"LICEO CLASS.-LING.-COREUT. ""R. SETTIMO""";Caltanissetta;statale;clpc02000x@istruzione.it;clpc02000x@pec.istruzione.it;https://www.liceorsettimo.edu.it/;NON PRESENTE;https://www.facebook.com/LiceoR.Settimo;0934 21600
"LICEO SCIENT.-LING. ""E. VITTORINI""";Caltanissetta;statale;clps03000n@istruzione.it;clps03000n@pec.istruzione.it;https://www.liceovittorinigela.edu.it/;NON PRESENTE;https://www.facebook.com/p/Liceo-Scientifico-e-Linguistico-Elio-Vittorini-Gela-100057634173289/?locale=it_IT;0933 930594
SUOR TERESA VALSE';Caltanissetta;paritaria;suorteresavalsegela@tin.it;NON PRESENTE;NON PRESENTE;NON PRESENTE;https://www.facebook.com/istitutosuorteresavalse/;0933 339904
"""GIUSEPPE GUZZARDI""";Catania;statale;ctic8a100q@istruzione.it;ctic8a100q@pec.istruzione.it;http://www.scuolaguzzardi.it/;NON PRESENTE;https://www.facebook.com/profile.php?id=61555684092228;095 769 0677
"""ITALO CALVINO""";Catania;statale;ctic89700g@istruzione.it;ctic89700g@pec.istruzione.it;https://www.icscalvino.edu.it/;NON PRESENTE;https://www.facebook.com/calvinoscuolacatania/?locale=it_IT;095336350
C.B.CAVOUR - CATANIA;Catania;statale;ctic8a700p@istruzione.it;ctic8a700p@pec.istruzione.it;https://www.scuolacavourcatania.edu.it/;NON PRESENTE;https://www.facebook.com/p/Scuola-Cavour-Catania-100076154194694/;095 310480
CPIA CATANIA 1;Catania;statale;ctmm150008@istruzione.it;ctmm150008@pec.istruzione.it;https://www.cpiacataniauno.it/;NON PRESENTE;https://www.facebook.com/p/Cpia-Catania-Uno-100012039858801/;0958259050
CPIA CATANIA 2;Catania;statale;ctmm151004@istruzione.it;ctmm151004@pec.istruzione.it;http://cpiacatania2.edu.it/;NON PRESENTE;https://www.facebook.com/CPIACatania2/;095 586 4506
Campus Don Bosco Soc.Coop.;Catania;paritaria;NON PRESENTE;NON PRESENTE;http://campusdonbosco.it/;https://it.linkedin.com/in/donboscocampus;https://www.facebook.com/campusdonbosco.tremestieri;095 337546
Casa dei bambini Maria Montessori;Catania;paritaria;casadeibambinimariam@tiscali.it;NON PRESENTE;http://www.scuolamariamontessorict.com/;NON PRESENTE;https://www.facebook.com/casadeibambinicatania;095 491084
FRANCESCO REDI;Catania;statale;ctis016003@istruzione.it;ctis016003@pec.istruzione.it;http://www.isfrancescoredi.edu.it/;NON PRESENTE;https://www.facebook.com/profile.php?id=100051726322751;095 613 6670
FRANCESCO VENTORINO;Catania;paritaria;presidenza@istitutoventorino.it;fondazione.santorsola@pec.it;http://www.istitutoventorino.it/;https://it.linkedin.com/company/fondazione-francesco-ventorino;https://www.facebook.com/istitutofrancescoventorino;095 310215
GIOVANNI BLANDINI;Catania;statale;ctic8a5003@istruzione.it;ctic8a5003@pec.istruzione.it;http://icblandinipalagonia.it/;NON PRESENTE;https://www.facebook.com/icBlandiniPalagonia/;095 803 3764
GULLI E PENNISI;Catania;statale;ctis044007@istruzione.it;ctis044007@pec.istruzione.it;https://gulliepennisi.edu.it/;NON PRESENTE;https://www.facebook.com/p/Istituto-Superiore-Gulli-e-Pennisi-100036650286377/?locale=it_IT;095.6136068
"I - I.C. ""FABRIZIO DE ANDRE'""";Catania;statale;ctic8ar00a@istruzione.it;ctic8ar00a@pec.istruzione.it;https://www.icdeandreacisantantonio.edu.it/luogo/plesso-s-m-villaggio-costanzo/;NON PRESENTE;https://www.facebook.com/p/IC-F-De-Andr%C3%A9-Aci-SantAntonio-61556451572794/?locale=it_IT;095 7891232
I. C. DE CRUYLLAS - RAMACCA;Catania;statale;ctic89100l@istruzione.it;ctic89100l@pec.istruzione.it;http://icsdecruyllasramacca.it/;NON PRESENTE;https://www.facebook.com/scuolacruyllasramacca/;095 793 0129
"I.C. ""G.FAVA"" MASCALUCIA";Catania;statale;ctic8bc002@istruzione.it;ctic8bc002@pec.istruzione.it;https://www.icgfava.edu.it/;NON PRESENTE;https://www.facebook.com/scuolafavamascalucia;095 727 7486
"I.C. ""SALVO BASSO""";Catania;statale;ctic8ap00p@istruzione.it;ctic8ap00p@pec.istruzione.it;https://icsalvobasso.edu.it/;NON PRESENTE;https://www.facebook.com/p/Istituto-Comprensivo-Salvo-Basso-di-Scordia-100032867451714/?locale=it_IT;095659720
I.C. E. DE AMICIS MIRABELLA I.;Catania;statale;ctic80900q@istruzione.it;ctic80900q@pec.istruzione.it;http://www.icmirabella.edu.it/;NON PRESENTE;NON PRESENTE;0933 991134
I.C. GIOVANNI PAOLO II;Catania;statale;ctic8ba00a@istruzione.it;ctic8ba00a@pec.istruzione.it;https://www.cdgiovannipaolosecondogravinact.edu.it/;NON PRESENTE;https://www.facebook.com/istcompr/?locale=it_IT;095 744 6009
I.C. LEONARDO SCIASCIA;Catania;statale;ctic88800r@istruzione.it;ctic88800r@pec.istruzione.it;https://www.icsciasciamisterbianco.edu.it/;NON PRESENTE;https://www.facebook.com/LeonardoSciasciaMisterbianco;095 755 6969
I.C. P.S. DI GUARDO - QUASIMODO;Catania;statale;ctic8ag00p@istruzione.it;ctic8ag00p@pec.istruzione.it;http://www.diguardoquasimodo.edu.it/;NON PRESENTE;https://www.facebook.com/pages/Istituto-Comprensivo-PS-Di-Guardo-Quasimodo-Catania/626738874037417;095 744 0026
I.C. PITAGORA MISTERBIANCO;Catania;statale;ctic88200t@istruzione.it;ctic88200t@pec.istruzione.it;http://nuke.icspitagora.com/;NON PRESENTE;https://www.facebook.com/scuolapitagoramisterbianco/;095 755 6921
I.C. PIZZIGONI- CARDUCCI;Catania;statale;ctic8a900a@istruzione.it;ctic8a900a@pec.istruzione.it;http://www.icpizzigonicarducci.edu.it/;NON PRESENTE;https://www.facebook.com/profile.php?id=61555725970673;095 448160
I.C. RITA ATRIA;Catania;statale;ctic86700q@istruzione.it;ctic86700q@pec.istruzione.it;https://www.icsritaatria.edu.it/;NON PRESENTE;https://www.facebook.com/groups/156119711124419/;095 340566
I.C. SAURO - GIOVANNI XXIII;Catania;statale;ctic8a800e@istruzione.it;ctic8a800e@pec.istruzione.it;https://www.icsauro-giovannixxiii.edu.it/;NON PRESENTE;NON PRESENTE;095475037
I.C. VERGA FIUMEFREDDO;Catania;statale;ctic82600d@istruzione.it;ctic82600d@pec.istruzione.it;https://www.icvergafiumefreddodisicilia.edu.it/;NON PRESENTE;https://www.facebook.com/IC.GiovanniVerga/?locale=it_IT;095 219 7460
"I.C.""ERCOLE PATTI"" TRECASTAGNI";Catania;statale;ctic857005@istruzione.it;ctic857005@pec.istruzione.it;https://www.icercolepatti.edu.it/;NON PRESENTE;https://www.facebook.com/p/Istituto-Comprensivo-Statale-ad-indirizzo-musicale-Ercole-Patti-100063473112553/?locale=it_IT;0956782434
"I.C.""GIUSEPPE RUSSO""";Catania;statale;ctic8ay00e@istruzione.it;ctic8ay00e@pec.istruzione.it;https://ic-giarre1.edu.it/;NON PRESENTE;https://www.facebook.com/primocomprensivorusso;328 062 0667
"I.I.S. ""C. A. DALLA CHIESA""";Catania;statale;ctis024002@istruzione.it;ctis024002@pec.istruzione.it;https://www.omnicomprensivocaltagironemineo.edu.it/;NON PRESENTE;NON PRESENTE;0956136155
"I.I.S. ""E. FERMI - GUTTUSO""";Catania;statale;ctis03900q@istruzione.it;ctis03900q@pec.istruzione.it;http://www.isfermiguttuso.edu.it/;NON PRESENTE;https://www.facebook.com/itisfermigiarre/;095 613 6555
"I.I.S.LICEO ""C. MARCHESI"" CL./SC.";Catania;statale;ctis02600n@istruzione.it;ctis02600n@pec.istruzione.it;https://www.iismarchesimascalucia.edu.it/;NON PRESENTE;https://www.instagram.com/concetto_marchesi/;095 727 2517
I.P.S.S.E.O.A. KAROL WOJTYLA CATANIA;Catania;statale;ctrh03000c@istruzione.it;ctrh03000c@pec.istruzione.it;https://www.alberghierowojtyla.edu.it/;NON PRESENTE;https://www.facebook.com/ipsseoakarolwojtylacatania/?locale=it_IT;0956132060
"I.R.I.S.S.""FRANCESCA MORVILLO""";Catania;paritaria;NON PRESENTE;NON PRESENTE;https://www.irissmorvillo.it/;NON PRESENTE;https://www.facebook.com/istitutotecnicoregionale;095 613 6810
"I.S. ""MAJORANA-ARCOLEO""";Catania;statale;ctis04900a@istruzione.it;ctis04900a@pec.istruzione.it;http://www.ismajoranarcoleo.edu.it/;NON PRESENTE;https://www.facebook.com/ismajoranarcoleo/;095 613 6180
I.S. AMARI-RIZZO-PANTANO GIARRE-RIPOSTO;Catania;statale;ctis001009@istruzione.it;ctis001009@pec.istruzione.it;https://www.iisamari.edu.it/;NON PRESENTE;https://www.facebook.com/istitutosuperioreamari/?locale=it_IT;0956136480 
I.S. DE FELICE GIUFFRIDA - OLIVETTI;Catania;statale;ctis03400l@istruzione.it;ctis03400l@pec.istruzione.it;http://www.defeliceolivetti.it/;NON PRESENTE;https://www.facebook.com/defelice.ct/;095 613 6270
I.S. ETTORE MAJORANA LICEO SCIENTIFICO;Catania;statale;ctps170002@istruzione.it;ctps170002@pec.istruzione.it;https://www.emajoranaliceo.edu.it/;NON PRESENTE;https://www.facebook.com/liceomajorana;095 613 6760
I.S. G. FERRARIS;Catania;statale;ctis03300r@istruzione.it;ctis03300r@pec.istruzione.it;https://www.iissferraris.edu.it/;NON PRESENTE;https://www.facebook.com/ITIGalileoFerraris/?locale=it_IT;095-6136030
I.S. RAMACCA - PALAGONIA;Catania;statale;ctis04200g@istruzione.it;ctis04200g@pec.istruzione.it;https://www.iisramacca-palagonia.edu.it/;NON PRESENTE;https://www.facebook.com/iisramaccapalagonia/;095 653 3299
I.S.I.S. D. ABRUZZI POLITECNICO DEL MARE;Catania;statale;ctis007008@istruzione.it;ctis007008@pec.istruzione.it;http://www.politecnicodelmare.edu.it/;NON PRESENTE;https://www.facebook.com/politecnicoct;095 613 6225
"I.T.E.""GIOACCHINO RUSSO""";Catania;statale;cttd160007@istruzione.it;cttd160007@pec.istruzione.it;https://www.iterusso.edu.it/;NON PRESENTE;https://www.facebook.com/1359956850686740;095 613 6710
"I.T.E.T. ""ENRICO DE NICOLA""";Catania;statale;cttd22000n@istruzione.it;cttd22000n@pec.istruzione.it;http://www.denicola.edu.it/;NON PRESENTE;https://www.facebook.com/itdenicola;095 229 1205
"IC ""P.CARRERA"" - MILITELLO V.C.";Catania;statale;ctic835008@istruzione.it;ctic835008@pec.istruzione.it;https://www.istitutocarreramilitello.edu.it/;NON PRESENTE;https://www.facebook.com/carreramilitello/;095 613 6585
IC A. BRUNO - BIANCAVILLA;Catania;statale;ctic82000e@istruzione.it;ctic82000e@pec.istruzione.it;https://www.icbrunobiancavilla.edu.it/;NON PRESENTE;https://www.facebook.com/IstitutoComprensivoStataleAntonioBruno/;095 985310
IC A. NARBONE - CALTAGIRONE;Catania;statale;ctic82500n@istruzione.it;ctic82500n@pec.istruzione.it;https://www.alessionarbone.it/;NON PRESENTE;NON PRESENTE; 093321697
IC C.DUSMET - NICOLOSI;Catania;statale;ctic83900g@istruzione.it;ctic83900g@pec.istruzione.it;http://scuoladusmetnicolosi.edu.it/;NON PRESENTE;NON PRESENTE;095 911420
IC CAMPANELLA-STURZO CATANIA;Catania;statale;ctic86300c@istruzione.it;ctic86300c@pec.istruzione.it;http://www.iccampanellasturzo.edu.it/;NON PRESENTE;https://www.facebook.com/p/ICS-Campanella-Sturzo-100057337702859/;095 575046
IC CESARE BATTISTI CATANIA;Catania;statale;ctic8ab00g@istruzione.it;ctic8ab00g@pec.istruzione.it;https://www.battistix.it/;NON PRESENTE;https://www.facebook.com/battistix/?locale=it_IT;095 341340
IC DE AMICIS - DON MILANI;Catania;statale;ctic84700e@istruzione.it;ctic84700e@pec.istruzione.it;http://www.icdeamicisrandazzo.it/;NON PRESENTE;https://www.facebook.com/icdeamicisrandazzo/;095 921225
IC DE AMICIS - MAJORANA;Catania;statale;ctic8bp009@istruzione.it;ctic8bp009@pec.istruzione.it;https://www.icdeamicismajorana.edu.it/;NON PRESENTE;https://www.facebook.com/p/IC-De-Amicis-Majorana-Catania-100087515378256/;095431980
IC DON BOSCO - S.M.LICODIA;Catania;statale;ctic85000a@istruzione.it;ctic85000a@pec.istruzione.it;https://www.icsdonbosco.edu.it/;NON PRESENTE;https://www.facebook.com/p/IC-Don-Bosco-SM-di-Licodia-100076312292883/;095629329
IC F. DE ROBERTO - CATANIA;Catania;statale;ctic887001@istruzione.it;ctic887001@pec.istruzione.it;https://derobertoct.edu.it/;NON PRESENTE;NON PRESENTE;095350144
IC F.DE ROBERTO -ZAFFERANA;Catania;statale;ctic860001@istruzione.it;ctic860001@pec.istruzione.it;https://www.icderobertozafferana.edu.it/;NON PRESENTE;https://www.facebook.com/Istituto-Comprensivo-Federico-De-Roberto-Zafferana-1719876218246210/;0957082022
IC FELTRE - CATANIA;Catania;statale;ctic880006@istruzione.it;ctic880006@pec.istruzione.it;http://www.icfeltre.edu.it/;NON PRESENTE;https://www.facebook.com/p/I-C-Vittorino-da-Feltre-Catania-100092285402432/;095471061
IC FRANCESCO PETRARCA - CATANIA;Catania;statale;ctic87500p@istruzione.it;ctic87500p@pec.istruzione.it;https://www.istitutocomprensivopetrarca.edu.it/;NON PRESENTE;https://www.facebook.com/i.c.f.petrarca.catania/?locale=it_IT;095 714 1765
IC G. FALCONE - ACICASTELLO;Catania;statale;ctic81600v@istruzione.it;ctic81600v@pec.istruzione.it;https://www.icsfalconeacicastello.edu.it/;NON PRESENTE;https://www.facebook.com/p/IC-Falcone-Aci-Castello-100076207736435/; 095274644
IC G. MARCONI - PATERNO';Catania;statale;ctic84200b@istruzione.it;ctic84200b@pec.istruzione.it;https://www.icmarconiscuola.edu.it/;NON PRESENTE;NON PRESENTE;095 622682
IC G. PONTE - PALAGONIA;Catania;statale;ctic84100g@istruzione.it;ctic84100g@pec.istruzione.it;http://www.gponte.it/;NON PRESENTE;https://www.facebook.com/Istituto.Comprensivo.Gaetano.Ponte/;095 795 8706
IC G.MACHERIONE -CALATABIANO;Catania;statale;ctic82100a@istruzione.it;ctic82100a@pec.istruzione.it;https://www.3icgiarre.edu.it/;NON PRESENTE;NON PRESENTE;095-6682377 
IC G.PARINI - CATANIA;Catania;statale;ctic885009@istruzione.it;ctic885009@pec.istruzione.it;https://www.parinict.it/;NON PRESENTE;https://www.facebook.com/p/Istituto-Comprensivo-G-Parini-100057615932715/?locale=it_IT;095 497892 
IC GABELLI MISTERBIANCO;Catania;statale;ctic89000r@istruzione.it;ctic89000r@pec.istruzione.it;https://aristidegabelli.edu.it/;NON PRESENTE;https://www.facebook.com/scuolagabelli;0957556912 
IC GIOVANNI VERGA - VIAGRANDE;Catania;statale;ctic856009@istruzione.it;ctic856009@pec.istruzione.it;https://www.vergaviagrande.edu.it/;NON PRESENTE;https://www.facebook.com/i.c.s.giovanniverga.viagrande/;095 7894373 
IC GUGLIELMINO - ROSSI;Catania;statale;ctic815003@istruzione.it;ctic815003@pec.istruzione.it;https://www.fguglielmino.it/;NON PRESENTE;https://www.facebook.com/icguglielmino/?locale=it_IT;095 801568 
IC L.DA VINCI - MISTERBIANCO;Catania;statale;ctic836004@istruzione.it;ctic836004@pec.istruzione.it;https://www.icleonardodavincimisterbianco.edu.it/;NON PRESENTE;https://www.facebook.com/scuolaleonardodavinci;095 75 56 931 
IC LEONARDO DA VINCI-MASCALUCIA;Catania;statale;ctic8a300b@istruzione.it;ctic8a300b@pec.istruzione.it;https://www.vincimascalucia.edu.it/;NON PRESENTE;https://www.facebook.com/ic2santanastasia/#:~:text=Istituto%20comprensivo%20Leonardo%20da%20Vinci%20(%40ic2santanastasia)%20%E2%80%A2%20Facebook;0957275776 
IC LOMBARDO RADICE - VIRGILIO;Catania;statale;ctic8bk006@istruzione.it;ctic8bk006@pec.istruzione.it;https://www.iclombardoradicevirgilio.edu.it/;NON PRESENTE;https://www.facebook.com/p/Istituto-comprensivo-Lombardo-Radice-Virgilio-di-Patern%C3%B2-61556410701704/;095 858 944 
IC M. MONTESSORI - P.MASCAGNI;Catania;statale;ctic8af00v@istruzione.it;ctic8af00v@pec.istruzione.it;https://www.montessorimascagnict.edu.it/;NON PRESENTE;https://www.facebook.com/p/Istituto-comprensivo-Montessori-Mascagni-Catania-100067927330936/?locale=it_IT;095 201922 
IC MONTESSORI - GOBETTI;Catania;statale;ctic8ax00p@istruzione.it;ctic8ax00p@pec.istruzione.it;https://www.montessorigobetti.edu.it/;NON PRESENTE;https://www.facebook.com/503594496176169/;0933 21205 
IC P. G. M. ALLEGRA-VALVERDE;Catania;statale;ctic85500d@istruzione.it;ctic85500d@pec.istruzione.it;https://www.scuolavalverde.edu.it/;NON PRESENTE;https://www.facebook.com/scuolavalverde/?locale=it_IT;095524077 
IC P. PIO DA PIETRALCINA MISTER;Catania;statale;ctic88900l@istruzione.it;ctic88900l@pec.istruzione.it;https://www.icspadrepio-misterbianco.edu.it/;NON PRESENTE;https://www.facebook.com/icspadrepio/?locale=it_IT;0957556952 
IC PESTALOZZI CATANIA;Catania;statale;ctic86200l@istruzione.it;ctic86200l@pec.istruzione.it;https://www.iopestalozzi.edu.it/;NON PRESENTE;https://www.facebook.com/icpestalozzi/?locale=it_IT#:~:text=Prenotazione%20obbligatoria%3A%20095%207102767%20%7C%20334,i%20dettagli%3A%20https%3A%2F%2Fwww.;095454566 
IC PLUCHINOTTA;Catania;statale;ctic8bl002@istruzione.it;ctic8bl002@pec.istruzione.it;https://www.pluchinotta.edu.it/;NON PRESENTE;https://www.facebook.com/groups/158910787610901/?locale=it_IT;095241747 
IC S. CASELLA PEDARA;Catania;statale;ctic83800q@istruzione.it;ctic83800q@pec.istruzione.it;https://www.icscasellapedara.edu.it/;NON PRESENTE;https://www.facebook.com/casellapedara/?locale=it_IT;095.16961411 
IC S.G. BOSCO - STURZO;Catania;statale;ctic8bf00d@istruzione.it;ctic8bf00d@pec.istruzione.it;https://www.boscosturzo.edu.it/;NON PRESENTE;https://www.facebook.com/p/Istituto-Comprensivo-SG-Bosco-Sturzo-Biancavilla-100075907338732/?locale=it_IT;095 686340 
IC S.G. BOSCO CATANIA;Catania;statale;ctic8ad007@istruzione.it;ctic8ad007@pec.istruzione.it;https://www.sgboscoct.edu.it/;NON PRESENTE;https://www.facebook.com/Istitutosangiovanniboscoct/?locale=it_IT;095/455155 
IC SAN GIORGIO - CATANIA;Catania;statale;ctic899007@istruzione.it;ctic899007@pec.istruzione.it;https://www.icsangiorgioct.edu.it/;NON PRESENTE;https://www.facebook.com/icsangiorgio/?locale=it_IT;095570530 
IC SPEDALIERI - CASTIGLIONE;Catania;statale;ctic8bg009@istruzione.it;ctic8bg009@pec.istruzione.it;https://www.icspedaliericastiglione.edu.it/;NON PRESENTE;https://www.facebook.com/p/IC-Spedalieri-Castiglione-Bronte-CT-61567119569328/;095 691180 
IC T.DI CALCUTTA - SANZIO;Catania;statale;ctic8bq005@istruzione.it;ctic8bq005@pec.istruzione.it;https://www.teresadicalcuttasanzio.edu.it/;NON PRESENTE;https://www.facebook.com/scuolacalcutta.tremestierietneo/?locale=it_IT;095496093 
IC V.BRANCATI - CATANIA;Catania;statale;ctic886005@istruzione.it;ctic886005@pec.istruzione.it;https://www.icbrancati.edu.it/;NON PRESENTE;https://www.facebook.com/p/Istituto-Comprensivo-Vitaliano-Brancati-Catania-100088042657531/;095457478 
IC XX SETTEMBRE CATANIA;Catania;statale;ctic89200c@istruzione.it;ctic89200c@pec.istruzione.it;https://www.icxxsettembre.edu.it/;NON PRESENTE;https://www.facebook.com/Scuola.XX.Settembre/;095 434114 
"ICS ""FRANCESCA MORVILLO""";Catania;statale;ctic80800x@istruzione.it;ctic80800x@pec.istruzione.it;https://www.irissmorvillo.it/;NON PRESENTE;https://www.facebook.com/istitutotecnicoregionale;095 613 6810 
II - I.C. A. DE GASPERI;Catania;statale;ctic8as00g@istruzione.it;ctic8as00g@pec.istruzione.it;https://www.icadegasperi.edu.it/;NON PRESENTE;https://www.facebook.com/icadegasperi/?locale=it_IT; 095702237
"II IST. COMPRENSIVO ""S.G.BOSCO""";Catania;statale;ctic8az00a@istruzione.it;ctic8az00a@pec.istruzione.it;https://www.sgboscoct.edu.it/;NON PRESENTE;NON PRESENTE;0922464996
IIS CUCUZZA - EUCLIDE;Catania;statale;ctis00400r@istruzione.it;ctis00400r@pec.istruzione.it;https://www.iiscucuzzaeuclide.edu.it/;NON PRESENTE;https://www.facebook.com/IISCucuzzaEuclideCaltagirone/?locale=it_IT;095 613 6143
IIS LEONARDO;Catania;statale;ctis053002@istruzione.it;ctis053002@pec.istruzione.it;http://www.leonardodavincicatania.com/;NON PRESENTE;https://www.facebook.com/liceoleonardo.giarre/?locale=it_IT;095 338110
IISS BENEDETTO RADICE;Catania;statale;ctis01100x@istruzione.it;ctis01100x@pec.istruzione.it;https://www.isradice.edu.it/;NON PRESENTE;https://www.facebook.com/BenedettoRadice;095 613 6120
IPSSAR GIOVANNI FALCONE;Catania;statale;ctrh010007@istruzione.it;ctrh010007@pec.istruzione.it;https://www.alberghierogiarre.edu.it/;https://it.linkedin.com/in/maria-grazia-massimino-826516205;https://www.facebook.com/ipsseoafalconegiarre;095 613 6515
IS CARLO GEMMELLARO;Catania;statale;ctis023006@istruzione.it;ctis023006@pec.istruzione.it;http://www.iisgemmellaro.edu.it/;NON PRESENTE;https://www.facebook.com/Istituto.Carlo.Gemmellaro/;095 613 6250
IS VEN. IGNAZIO CAPIZZI;Catania;statale;ctis00900x@istruzione.it;ctis00900x@pec.istruzione.it;https://www.iscapizzi.edu.it/;NON PRESENTE;https://www.facebook.com/pages/IS-Ven-Ignazio-Capizzi/638869216322440;095 772 5237
ISTITUTO COMPRENSIVO G.VERGA;Catania;statale;ctic85900r@istruzione.it;ctic85900r@pec.istruzione.it;https://www.scuolavergacatania.edu.it/;NON PRESENTE;https://www.facebook.com/p/Istituto-Comprensivo-Giovanni-Verga-di-Catania-100076399802051/;095387210
ITAER A. FERRARIN;Catania;statale;cttb01000a@istruzione.it;cttb01000a@pec.istruzione.it;https://www.itaerferrarin.it/;NON PRESENTE;https://www.facebook.com/istitutotecnicoaeronauticoferrarincatania;095 613 6430
ITI CANNIZZARO;Catania;statale;cttf03000r@istruzione.it;cttf03000r@pec.istruzione.it;https://www.cannizzaroct.edu.it/;NON PRESENTE;https://www.facebook.com/itiscannizzaro/?locale=it_IT;0956136450
"ITIS ""G. FERRARIS""";Catania;statale;cttf140008@istruzione.it;cttf140008@pec.istruzione.it;https://www.isfrancescoredi.edu.it/indirizzo-di-studio/i-t-i-s-galileo-ferraris-cttf01601g/;NON PRESENTE;NON PRESENTE;095 613 6678
IV - I.C. GALILEI ACIREALE;Catania;statale;ctic8av003@istruzione.it;ctic8av003@pec.istruzione.it;http://www.icgalileiacireale.edu.it/;NON PRESENTE;https://www.facebook.com/profile.php?id=100054204443987#;095 763 4300
"LC ""MARIO CUTELLI E CARMELO SALANITRO""";Catania;statale;ctpc040006@istruzione.it;ctpc040006@pec.istruzione.it;http://www.liceocutelli.it/;NON PRESENTE;https://www.facebook.com/liceocutelli/;095 613 6280
LC GIOVANNI VERGA;Catania;statale;ctpc01000a@istruzione.it;ctpc01000a@pec.istruzione.it;https://www.scuolavergacatania.edu.it/;NON PRESENTE;https://www.facebook.com/p/Istituto-Comprensivo-Giovanni-Verga-di-Catania-100076399802051/;095 387210
LC SPEDALIERI;Catania;statale;ctpc070002@istruzione.it;ctpc070002@pec.istruzione.it;http://liceospedalieri.edu.it/;https://it.linkedin.com/in/duccia-leonardi-b598859b;https://www.facebook.com/LiceoSpedalieri/;095 613 6290
"LICEO ARTISTICO ""EMILIO GRECO"" CATANIA";Catania;statale;ctsl01000a@istruzione.it;ctsl01000a@pec.istruzione.it;https://www.liceoartisticocatania.edu.it/;NON PRESENTE;https://www.facebook.com/liceoartisticostataleemiliogreco;095 613 6420
"LICEO STATALE ""G. TURRISI COLONNA""";Catania;statale;ctpm020005@istruzione.it;ctpm020005@pec.istruzione.it;https://www.turrisicolonna.edu.it/;NON PRESENTE;https://www.facebook.com/profile.php?id=61552765770216;095 613 6300
LICEO STATALE E. BOGGIO LERA;Catania;statale;ctps020004@istruzione.it;ctps020004@pec.istruzione.it;https://www.liceoboggiolera.edu.it/;https://it.linkedin.com/in/mariangela-mammana-a039bb55;https://www.facebook.com/quellidelliceoboggiolera/?locale=it_IT;095 613 6325
LICEO STATALE LOMBARDO RADICE;Catania;statale;ctpm03000q@istruzione.it;ctpm03000q@pec.istruzione.it;https://www.lombardoradicect.edu.it/;NON PRESENTE;https://www.facebook.com/p/Liceo-G-Lombardo-Radice-100014316583116/?locale=it_IT;0956136310
LS ARCHIMEDE;Catania;statale;ctps01000d@istruzione.it;ctps01000d@pec.istruzione.it;http://www.liceoarchimede.edu.it/;NON PRESENTE;https://www.instagram.com/liceoarchimede.official/;095 613 6062
LS GALILEO GALILEI;Catania;statale;ctps040009@istruzione.it;ctps040009@pec.istruzione.it;http://www.liceogalileicatania.edu.it/;NON PRESENTE;https://www.facebook.com/liceogalileicatania/;095 613 6345
M.AUSILIATRICE;Catania;paritaria;imacatania.info@gmail.com;NON PRESENTE;http://www.imacatania.com/;NON PRESENTE;https://www.facebook.com/profile.php?id=100085853453281;095 431357
MARCONI-MANGANO;Catania;statale;ctis04300b@istruzione.it;ctis04300b@pec.istruzione.it;https://www.iismarconimangano.edu.it/wp/;NON PRESENTE;https://www.facebook.com/marconicatania/;0956136460
MUSCO;Catania;statale;ctic881002@istruzione.it;ctic881002@pec.istruzione.it;https://www.musco.edu.it/;NON PRESENTE;https://www.facebook.com/ios.musco/;095575577 
PIETRO BRANCHINA;Catania;statale;cttd18000c@istruzione.it;cttd18000c@pec.istruzione.it;https://www.branchina.edu.it/;NON PRESENTE;https://www.facebook.com/IISSPietroBranchina/?locale=it_IT;095 613 6090
ROCCO CHINNICI;Catania;statale;ctrh05000n@istruzione.it;ctrh05000n@pec.istruzione.it;http://lnx.ipssatchinnicinicolosi.edu.it/;https://it.linkedin.com/in/santa-platania-2180427a;https://www.facebook.com/roccochinnici.ipssat;095 613 6609
S. LUIGI;Catania;paritaria;NON PRESENTE;NON PRESENTE;https://sanluigi.it/;NON PRESENTE;https://www.facebook.com/istitutosanluigi/?locale=it_IT;095607047
S.GIUSEPPE;Catania;paritaria;segreteriasangiuseppe@virgilio.it;NON PRESENTE;https://www.facebook.com/istitutoparitariosangiuseppe.it/?locale=it_IT;NON PRESENTE;https://www.facebook.com/istitutoparitariosangiuseppe.it/?locale=it_IT;095336964
SANTO CALI';Catania;statale;ctic83200r@istruzione.it;ctic83200r@pec.istruzione.it;https://iclinguaglossacali.edu.it/;NON PRESENTE;https://www.facebook.com/p/Istituto-comprensivo-Santo-Cal%C3%AC-Linguaglossa-100080443072751/;095 643051
V - I.C. P.VASTA ACIREALE;Catania;statale;ctic81800e@istruzione.it;ctic81800e@pec.istruzione.it;https://www.icspaolovasta.edu.it/;https://it.linkedin.com/in/giusi-beni-336a527b;https://www.facebook.com/p/V-ICS-Paolo-Vasta-Acireale-100063518860750/?locale=it_IT;095 763 4515
VESPUCCI - CAPUANA PIRANDELLO;Catania;statale;ctic8ah00e@istruzione.it;ctic8ah00e@pec.istruzione.it;http://www.icvespuccict.edu.it/;NON PRESENTE;https://www.facebook.com/p/Ist-CompVespucci-Capuana-Pirandello-Catania-100083540224039/;095 345181
VI - I.C. GIOV. XXIII ACIREALE;Catania;statale;ctic81900a@istruzione.it;ctic81900a@pec.istruzione.it;https://www.icgiovanni23acireale.edu.it/;NON PRESENTE;https://www.facebook.com/icgiovanni23acireale.it;095 607135
"I.C. ""CHINNICI-RONCALLI""";Enna;statale;enic825001@istruzione.it;enic825001@pec.istruzione.it;https://www.chinnicironcalli.edu.it/;NON PRESENTE;https://www.facebook.com/p/I-C-Chinnici-Roncalli-Piazza-Armerina-61559229425385/; 0935537357
"I.C. ""E. PANTANO""";Enna;statale;enic80500q@istruzione.it;enic80500q@pec.istruzione.it;https://comprensivoassoro.edu.it/;NON PRESENTE;NON PRESENTE;0935 620413
"I.C. ""FALCONE-CASCINO""";Enna;statale;enic82600r@istruzione.it;enic82600r@pec.istruzione.it;https://www.comprensivofalconecascino.edu.it/;NON PRESENTE;https://www.facebook.com/p/Istituto-Comprensivo-Falcone-Cascino-61553003237854/;0935 685059
"I.C. ""FERMI-LEOPARDI""";Enna;statale;enic82800c@istruzione.it;enic82800c@pec.istruzione.it;https://www.fermileopardicenturipe.it/;NON PRESENTE;https://www.facebook.com/ICFermiLeopardiCenturipe;0935 917013
"I.C. ""G. GIUSTI SINOPOLI""";Enna;statale;enic81900n@istruzione.it;enic81900n@pec.istruzione.it;https://www.sinopolis.edu.it/;NON PRESENTE;https://www.facebook.com/538832719978535;0935 691021
"I.C. ""G. MAZZINI""";Enna;statale;enic817002@istruzione.it;enic817002@pec.istruzione.it;https://www.icmazzinivalguarnera.it/;NON PRESENTE;https://www.facebook.com/icmazzinivalguarnera/?locale=it_IT;0935 956259
"I.C. ""G.F. INGRASSIA""";Enna;statale;enic816006@istruzione.it;enic816006@pec.istruzione.it;https://icregalbuto.edu.it/;NON PRESENTE;https://www.facebook.com/p/IC-GF-Ingrassia-di-Regalbuto-61582818941102/;0935 910031
"I.C. ""S.G. BOSCO-EUROPA""";Enna;statale;enic824005@istruzione.it;enic824005@pec.istruzione.it;https://www.boscobarrafranca.edu.it/;NON PRESENTE;https://www.facebook.com/p/IC-San-Giovanni-Bosco-Barrafranca-100063581650906/;0934 464274
"I.I.S. ""A. LINCOLN""";Enna;statale;enis02100t@istruzione.it;enis02100t@pec.istruzione.it;http://www.iisabramolincolnenna.edu.it/;NON PRESENTE;https://www.facebook.com/profile.php?id=61553086555576;0935 531402
"I.I.S. ""E. MAJORANA-GEN. A. CASCINO""";Enna;statale;enis00700g@istruzione.it;enis00700g@pec.istruzione.it;https://www.majoranacascino.edu.it/;NON PRESENTE;https://www.facebook.com/I.I.S.MajoranaCascino;0935 681982
"I.I.S. ""E. MEDI-N. VACCALLUZZO""";Enna;statale;enis018002@istruzione.it;enis018002@pec.istruzione.it;https://www.istitutomedi.edu.it/;NON PRESENTE;https://www.facebook.com/istitutomedi/;0935901070
"I.I.S. ""F. FEDELE""";Enna;statale;enis00800b@istruzione.it;enis00800b@pec.istruzione.it;https://www.fortunatofedele.edu.it/;NON PRESENTE;https://www.facebook.com/Liceo.Fortunato.Fedele/; 0935691529 
"I.I.S. ""F.LLI TESTA""";Enna;statale;enis01900t@istruzione.it;enis01900t@pec.istruzione.it;https://www.liceotesta.edu.it/;NON PRESENTE;https://www.facebook.com/141147859374732;0935 647258
"I.I.S. ""FEDERICO II""";Enna;statale;enis004004@istruzione.it;enis004004@pec.istruzione.it;http://iisenna.it/;NON PRESENTE;https://www.facebook.com/ipsfedericoIIenna;0935 500924
"I.I.S. ""G. FALCONE""";Enna;statale;enis00200c@istruzione.it;enis00200c@pec.istruzione.it;http://www.isissfalconebarrafranca.edu.it/;NON PRESENTE;NON PRESENTE;0934 464795
"I.I.S. ""L. DA VINCI""";Enna;statale;enis017006@istruzione.it;enis017006@pec.istruzione.it;http://www.iisdavinciarmerina.edu.it/;NON PRESENTE;https://www.facebook.com/p/IIS-Leonardo-da-Vinci-Piazza-Armerina-En-100075949088613/;0935 682124
"I.OMN. ""DON BOSCO-MAJORANA""";Enna;statale;enic81800t@istruzione.it;enic81800t@pec.istruzione.it;http://www.icdonboscotroina.edu.it/;NON PRESENTE;NON PRESENTE;0935 657806
"""ANNA RITA SIDOTI""";Messina;statale;meic84400t@istruzione.it;meic84400t@pec.istruzione.it;https://www.icgioiosa.edu.it/;NON PRESENTE;NON PRESENTE;0941301121
"""ARCHIMEDE"" MESSINA";Messina;statale;meps010008@istruzione.it;meps010008@pec.istruzione.it;https://liceoarchimedeme.edu.it/;NON PRESENTE;https://www.facebook.com/liceoarchimedeme/;090 47495
ACQUEDOLCI;Messina;statale;meic826008@istruzione.it;meic826008@pec.istruzione.it;https://www.icacquedolci.edu.it/;NON PRESENTE;NON PRESENTE;0941 726102
BARCELLONA MEDI;Messina;statale;meis03400b@istruzione.it;meis03400b@pec.istruzione.it;http://liceomedi.it/;NON PRESENTE;https://www.facebook.com/liceomedibarcellona/?locale=it_IT;090 976 1268
BROLO;Messina;statale;meic83900a@istruzione.it;meic83900a@pec.istruzione.it;https://www.icbrolo.edu.it/;NON PRESENTE;https://www.facebook.com/Istituto-Comprensivo-di-Brolo-104948670903801;0941 561047
CASTELL'UMBERTO;Messina;statale;meic83800e@istruzione.it;meic83800e@pec.istruzione.it;https://www.iccastellumberto.edu.it/;NON PRESENTE;NON PRESENTE;0941 438055
CPIA - MESSINA;Messina;statale;memm574003@istruzione.it;memm574003@pec.istruzione.it;http://cpiamessina.edu.it/;NON PRESENTE;https://www.facebook.com/p/Centro-Provinciale-Istruzione-agli-Adulti-CPIA-provincia-di-Messina-100063468492984/?locale=it_IT;090 673337
GIUSEPPE CATALFAMO;Messina;statale;meic89700a@istruzione.it;meic89700a@pec.istruzione.it;http://catalfamo.edu.it/;NON PRESENTE;https://www.facebook.com/iccatalfamo;090 622710
I. C. NOVARA DI SICILIA;Messina;statale;meic81600n@istruzione.it;meic81600n@pec.istruzione.it;https://www.icnovaradisicilia.edu.it/;NON PRESENTE;https://www.facebook.com/groups/httpswww.icnovaradisicilia.edu.it/?locale=it_IT;0941 650032
"I.C. ""GIOVANNI PAOLO II""";Messina;statale;meic83000x@istruzione.it;meic83000x@pec.istruzione.it;https://www.icgiovannipaolosecondo.edu.it/;NON PRESENTE;NON PRESENTE;0941426696
"I.C. ""LA PIRA - GENTILUOMO"" ME";Messina;statale;meic864003@istruzione.it;meic864003@pec.istruzione.it;http://www.iclapiragentiluomo.edu.it/;NON PRESENTE;https://www.facebook.com/LaPiraGentiluomo/;090 673223
I.C. B.GENOVESE;Messina;statale;meic827004@istruzione.it;meic827004@pec.istruzione.it;https://www.icbgenovese.edu.it/;NON PRESENTE;https://www.facebook.com/p/IC-Bastiano-Genovese-Indirizzo-Musicale-Barcellona-PG-100083477073523/;090 979 7427
I.C. CAPUANA;Messina;statale;meic88100r@istruzione.it;meic88100r@pec.istruzione.it;http://scuolacapuana.it/;NON PRESENTE;NON PRESENTE;090 970 3217
I.C. D'ALCONTRES-BALOTTA;Messina;statale;meic82400l@istruzione.it;meic82400l@pec.istruzione.it;https://www.icdalcontres.edu.it/;NON PRESENTE;https://www.facebook.com/profile.php?id=100063777805635&locale=it_IT;0909761049
I.C. DI TORREGROTTA;Messina;statale;meic876009@istruzione.it;meic876009@pec.istruzione.it;https://www.ictorregrotta.edu.it/;NON PRESENTE;https://www.facebook.com/lascuolatorrese;090 998 1200
I.C. GIARDINI;Messina;statale;meic83300b@istruzione.it;meic83300b@pec.istruzione.it;https://icgiardininaxos.edu.it/;NON PRESENTE;NON PRESENTE;09425780513
I.C. PASCOLI-CRISPI;Messina;statale;meic87300t@istruzione.it;meic87300t@pec.istruzione.it;https://www.istitutocomprensivopascoli-crispi.edu.it/wp/;NON PRESENTE;https://www.facebook.com/p/IC-Pascoli-Crispi-di-Messina-100075804205456/;090 47030
I.C. S.MARGHERITA MESSINA;Messina;statale;meic8ad002@istruzione.it;meic8ad002@pec.istruzione.it;http://www.icsantamargheritame.edu.it/;NON PRESENTE;https://www.facebook.com/IstitutoComprensivoSantaMargherita;090 369 5987
I.C. SANTA LUCIA DEL MELA;Messina;statale;meic8af00n@istruzione.it;meic8af00n@pec.istruzione.it;https://www.icsantaluciadelmela.edu.it/;NON PRESENTE;https://www.facebook.com/share/1Cz8udFuh5/; 090935345
I.C. SANTO STEFANO CAMASTRA;Messina;statale;meic856004@istruzione.it;meic856004@pec.istruzione.it;https://www.icsantostefanodicamastra.edu.it/;NON PRESENTE;https://www.facebook.com/p/IC-Santo-Stefano-di-Camastra-61573708542533/;0921 331210
I.C. TERZO MILAZZO;Messina;statale;meic8ab00a@istruzione.it;meic8ab00a@pec.istruzione.it;http://www.terzocomprensivomilazzo.edu.it/;NON PRESENTE;https://www.facebook.com/istitutocomprensivoterzomilazzo/;090 922 9481
I.C. VILLA LINA-RITIRO-BATTISTI;Messina;statale;meic871006@istruzione.it;meic871006@pec.istruzione.it;https://www.icvillalinaritiro.edu.it/;NON PRESENTE;https://www.facebook.com/icvillalinamessina/?locale=it_IT;090 363578
"I.C.""MAZZINI"" MESSINA";Messina;statale;meic89400v@istruzione.it;meic89400v@pec.istruzione.it;https://www.icmazzinimessina.edu.it/;NON PRESENTE;https://www.facebook.com/1959051027540495;090 771810
"I.C.S. N. 7 ""ENZO DRAGO"" ME";Messina;statale;meic88700q@istruzione.it;meic88700q@pec.istruzione.it;https://www.icn7enzodragomessina.edu.it/wp/;NON PRESENTE;https://www.facebook.com/icn7enzodrago/;090 293 9556
I.C.S.TERESA DI RIVA;Messina;statale;meic88900b@istruzione.it;meic88900b@pec.istruzione.it;https://www.istcsantateresadiriva.it/;NON PRESENTE;https://www.facebook.com/istituto.comprensivo.9/?locale=it_IT;0942793140
"I.I.S. ""A.M.JACI - CAIO DUILIO""";Messina;statale;meis03700v@istruzione.it;meis03700v@pec.istruzione.it;https://www.jaci.edu.it/;NON PRESENTE;https://www.facebook.com/OpenFiberIT/;090 948 8006
"I.I.S. ""RENATO GUTTUSO""";Messina;statale;meis01600t@istruzione.it;meis01600t@pec.istruzione.it;https://www.isguttusomilazzo.edu.it/;NON PRESENTE;https://www.facebook.com/iis.renatoguttuso;090 928 2938
"I.I.S. SANT'AGATA DI M.LLO "" L.SCIASCIA""";Messina;statale;meis00300q@istruzione.it;meis00300q@pec.istruzione.it;http://www.liceosciasciafermi.edu.it/;https://it.linkedin.com/in/iis-sciascia-fermi-640956124;https://www.facebook.com/SciasciaFermi;0941 701720
"I.I.S.S. ""PUGLIATTI "" TAORMINA";Messina;statale;meis03300g@istruzione.it;meis03300g@pec.istruzione.it;http://www.iisspugliatti.edu.it/;NON PRESENTE;https://www.facebook.com/ScuoladiFurciSiculo;0942 50237
"I.S.""BISAZZA"" ME";Messina;statale;meis01300a@istruzione.it;meis01300a@pec.istruzione.it;https://www.liceobisazza.edu.it/;NON PRESENTE;https://www.facebook.com/ISBisazza;090 358716
I.S.BARCELLONA FERRARI;Messina;statale;meis01100p@istruzione.it;meis01100p@pec.istruzione.it;https://www.istitutoprofessionaleferrari.edu.it/;NON PRESENTE;https://www.facebook.com/ipsiaferraribarcellona/;0909702516
I.T. L.DA VINCI ECONOMICO TECNOLOGICO;Messina;statale;metd05000e@istruzione.it;metd05000e@pec.istruzione.it;https://www.davincimilazzo.edu.it/;NON PRESENTE;https://www.facebook.com/davincimilazzo;090 9281320
I.T.I.TORRICELLI - G.TOMASI DI LAMPEDUSA;Messina;statale;metf040006@istruzione.it;metf040006@pec.istruzione.it;https://www.itisetorricelli.edu.it/;NON PRESENTE;https://m.facebook.com/itisetorricelli.edu.it?eav=AfaXT4PkcrDcd7CXIm4G4C7-RBYHqadFbCtw8Q2iRsJs02d6X4AIv10MxuT0cQUJIvM&tsid=0.44046659196188975&source=result;0941706035
IC VILLAFRANCA TIRRENA;Messina;statale;meic819005@istruzione.it;meic819005@pec.istruzione.it;http://www.icvillafrancatirrena.edu.it/;NON PRESENTE;https://www.facebook.com/p/I-C-Villafranca-Tirrena-61581667931256/;090 334517
IIS BORGHESE - FARANDA - PATTI;Messina;statale;meis023001@istruzione.it;meis023001@pec.istruzione.it;https://iisborghesefaranda.edu.it/;NON PRESENTE;https://www.facebook.com/borghesefarandapatti/;0941 21007
ISOLE EOLIE;Messina;statale;meic818009@istruzione.it;meic818009@pec.istruzione.it;https://www.iclipari1.edu.it/;NON PRESENTE;https://www.facebook.com/icisoleeolie/?locale=it_IT;090 981 2222
"IST.ISTR.SUP. ""ANTONELLO"" MESSINA";Messina;statale;meis019009@istruzione.it;meis019009@pec.istruzione.it;https://www.iisantonellomessina.edu.it/;NON PRESENTE;https://www.facebook.com/p/IIS-Antonello-Messina-ME-100028835448645/;090 59456
ISTITUTO COMPRENSIVO - SAPONARA;Messina;statale;meic87400n@istruzione.it;meic87400n@pec.istruzione.it;http://www.icsaponara.it/;NON PRESENTE;https://www.facebook.com/profile.php?id=61554700562391&locale=it_IT;090 338 0087
ISTITUTO COMPRENSIVO PARADISO;Messina;statale;meic8ae00t@istruzione.it;meic8ae00t@pec.istruzione.it;http://www.icparadisomessina.edu.it/;NON PRESENTE;NON PRESENTE;090 357135
ITC CAPO D'ORLANDO MERENDINO;Messina;statale;meis02400r@istruzione.it;meis02400r@pec.istruzione.it;http://www.merendino.edu.it/;NON PRESENTE;https://www.facebook.com/p/IIS-Merendino-100063494741575/;0941 901063
"ITET ""E. FERMI"" ECONOMICO E TECNOLOGICO";Messina;statale;metd08000a@istruzione.it;metd08000a@pec.istruzione.it;https://www.itcgtfermi.edu.it/;NON PRESENTE;https://www.facebook.com/itetfermibarcellona/?locale=it_IT; 0909798024
ITT-LSSA COPERNICO;Messina;statale;metf03000g@istruzione.it;metf03000g@pec.istruzione.it;https://www.istitutocopernico.edu.it/;NON PRESENTE;https://www.facebook.com/ITT.LSSA.CopernicoBarcellona/;090 979 7333
LICEO LUCIO PICCOLO;Messina;statale;meps22000l@istruzione.it;meps22000l@pec.istruzione.it;http://www.liceoluciopiccolo.edu.it/;NON PRESENTE;https://www.facebook.com/p/Liceo-Piccolo-Capo-dOrlando-61552066943753/;0941 902103
LICEO VITTORIO EMANUELE III PATTI;Messina;statale;mepc060006@istruzione.it;mepc060006@pec.istruzione.it;http://www.liceopatti.it/;NON PRESENTE;https://www.facebook.com/LiceoVittorioEmanueleIIIPatti/;0941 21409
LIPARI;Messina;statale;meic81700d@istruzione.it;meic81700d@pec.istruzione.it;https://www.iclipari.edu.it/;NON PRESENTE;https://www.facebook.com/I.C.Lipari/;090 981 2316
LONGI;Messina;statale;meic847009@istruzione.it;meic847009@pec.istruzione.it;http://www.comprensivolongi.edu.it/;NON PRESENTE;NON PRESENTE;0941485153
"N.1""FOSCOLO""TAORMINA";Messina;statale;meic88600x@istruzione.it;meic88600x@pec.istruzione.it;http://ic1taormina.it/;NON PRESENTE;NON PRESENTE;0942 628612
"N.11""PAINO-GRAV.""ME";Messina;statale;meic869006@istruzione.it;meic869006@pec.istruzione.it;https://www.comprensivogravitelli.edu.it/;NON PRESENTE;NON PRESENTE;0907388388
"N.15 ME ""VITTORINI""";Messina;statale;meic822001@istruzione.it;meic822001@pec.istruzione.it;https://www.icvittorinimessina.edu.it/;NON PRESENTE;https://www.facebook.com/icvittorinimessina/;090 356387
N.2 PATTI;Messina;statale;meic848005@istruzione.it;meic848005@pec.istruzione.it;https://www.istitutopirandellopatti.edu.it/;NON PRESENTE;https://www.facebook.com/istitutopirandellopatti.gov.it/?locale=it_IT;0941 22804
"N.4 ""G.LEOPARDI""ME";Messina;statale;meic86200b@istruzione.it;meic86200b@pec.istruzione.it;http://icleopardimessina.edu.it/;NON PRESENTE;https://www.facebook.com/p/IV-Istituto-Comprensivo-G-Leopardi-di-Messina-100064322936473/?locale=it_IT;090 369 7129
STEFANO D'ARRIGO;Messina;statale;meic83700p@istruzione.it;meic83700p@pec.istruzione.it;http://icaliterme.edu.it/;NON PRESENTE;https://www.facebook.com/ICSTEFANODARRIGO/;0942 573219
San Domenico Savio;Messina;paritaria;segreteria@salesianisavio.me.it;NON PRESENTE;http://scuolasavio.it/;NON PRESENTE;https://www.facebook.com/scuolasavio;090 640 9154
TERME VIGLIATORE;Messina;statale;meic85700x@istruzione.it;meic85700x@pec.istruzione.it;https://www.ictermevigliatore.edu.it/;NON PRESENTE;https://www.facebook.com/ictermevigliatore;090 978 1254
TORRENOVA;Messina;statale;meic877005@istruzione.it;meic877005@pec.istruzione.it;https://www.ictorrenova.edu.it/;NON PRESENTE;https://www.facebook.com/ictorrenova/;0941 785127
TUSA-MISTRETTA;Messina;statale;meic814002@istruzione.it;meic814002@pec.istruzione.it;https://www.istitutocomprensivotusa.edu.it/;NON PRESENTE;https://www.facebook.com/p/Istituto-Comprensivo-Tusa-Mistretta-61566411724731/;0921 330044
VERONA TRENTO - MESSINA;Messina;statale;meis027008@istruzione.it;meis027008@pec.istruzione.it;https://www.icboerveronatrento.edu.it/;https://it.linkedin.com/in/alessandra-timmoneri-498a8288;https://www.facebook.com/groups/189002527945336/?locale=it_IT;090 364206
"""REGINA MARGHERITA""";Ragusa;paritaria;segreteriascuolasalesiana@gmail.com;NON PRESENTE;http://scuolareginamargheritamodica.it/;NON PRESENTE;https://www.facebook.com/scuolaparitariareginamargherita/?locale=it_IT;3393570328
ANTONIO AMORE;Ragusa;statale;rgic811003@istruzione.it;rgic811003@pec.istruzione.it;https://www.icsamore.edu.it/;NON PRESENTE;https://www.facebook.com/ScuolaAmorePozzallo/?locale=it_IT;0932 957612
CAP. PUGLISI;Ragusa;statale;rgic832004@istruzione.it;rgic832004@pec.istruzione.it;http://icpuglisiacate.it/;NON PRESENTE;https://www.facebook.com/IcCapPuglisiAcate;0932 183 1960
G. ROGASI;Ragusa;statale;rgic81800t@istruzione.it;rgic81800t@pec.istruzione.it;https://www.istitutorogasi.edu.it/;NON PRESENTE;NON PRESENTE; 0932953147
G. VERGA;Ragusa;statale;rgic816006@istruzione.it;rgic816006@pec.istruzione.it;https://icvergacomiso.edu.it/;NON PRESENTE;NON PRESENTE;0932-961233
G.B. VICO - UMBERTO I - R. GAGLIARDI;Ragusa;statale;rgis018002@istruzione.it;rgis018002@pec.istruzione.it;https://www.vicoumbertogagliardi.edu.it/;NON PRESENTE;https://www.facebook.com/RGIS018002/?locale=it_IT;0932255474
G.MARCONI.;Ragusa;statale;rgis012003@istruzione.it;rgis012003@pec.istruzione.it;https://www.istitutosuperioremarconi.it/;NON PRESENTE;https://www.facebook.com/iisgmarconivittoria/;0932 191 7205
GALILEO FERRARIS;Ragusa;statale;rgis01300v@istruzione.it;rgis01300v@pec.istruzione.it;https://www.istitutoferraris.it/;NON PRESENTE;https://www.facebook.com/p/Istituto-di-Istruzione-Superiore-G-Ferraris-Ragusa-100086496710911/;0932 252860
GIORGIO LA PIRA;Ragusa;statale;rgis00600q@istruzione.it;rgis00600q@pec.istruzione.it;https://www.islapira.edu.it/struttura/i-i-s-s-g-la-pira/;NON PRESENTE;NON PRESENTE; 0932953326
GIOSUE' CARDUCCI;Ragusa;statale;rgis003008@istruzione.it;rgis003008@pec.istruzione.it;https://www.istitutocarducci.edu.it/;NON PRESENTE;https://www.facebook.com/istitutocarducci/?locale=it_IT;0932961750
GIOVANNI DANTONI;Ragusa;statale;rgic82600r@istruzione.it;rgic82600r@pec.istruzione.it;https://www.icgiovannidantoni.it/;NON PRESENTE;https://www.facebook.com/groups/1443030989247095/?locale=it_IT;0932 831464
GIOVANNI VERGA;Ragusa;statale;rgis004004@istruzione.it;rgis004004@pec.istruzione.it;NON PRESENTE;NON PRESENTE;NON PRESENTE;
GIUSEPPE MAZZINI;Ragusa;statale;rgis01400p@istruzione.it;rgis01400p@pec.istruzione.it;https://www.iismazzinivittoria.edu.it/;NON PRESENTE;NON PRESENTE;0932 652053
I.C. CARLO AMORE - PIANO GESU';Ragusa;statale;rgic810007@istruzione.it;rgic810007@pec.istruzione.it;https://www.scuolacarloamoremodica.edu.it/;NON PRESENTE;https://www.facebook.com/carloamoremodica/;0932 774033
I.C. F. CRISPI - P. VETRI;Ragusa;statale;rgic82200d@istruzione.it;rgic82200d@pec.istruzione.it;http://francescocrispi.it/;NON PRESENTE;NON PRESENTE;0932 242878
I.C. PALAZZELLO - VANN'ANTO';Ragusa;statale;rgic83300x@istruzione.it;rgic83300x@pec.istruzione.it;https://www.palazzellovannanto.edu.it/;NON PRESENTE;https://www.facebook.com/palazzellovannanto/;0932 734614
"IST. COMPR. ""GESUALDO BUFALINO""";Ragusa;statale;rgic80500q@istruzione.it;rgic80500q@pec.istruzione.it;https://www.icsgesualdobufalino.edu.it/;NON PRESENTE;https://www.facebook.com/people/ICS-Gesualdo-Bufalino-Pedalino/100082824177751/;0932729113
L. SCIASCIA - G. CARUANO;Ragusa;statale;rgic802008@istruzione.it;rgic802008@pec.istruzione.it;https://www.icsciasciascoglitti.edu.it/;NON PRESENTE;https://www.facebook.com/3Dandstlprobables;0932 1836028
LEONARDO DA VINCI;Ragusa;statale;rgic80700b@istruzione.it;rgic80700b@pec.istruzione.it;https://italiawp.demoargoweb.com/;NON PRESENTE;https://www.facebook.com/leonardodavinci.ispica.ragusa/?locale=it_IT;0932 123456
LUIGI PIRANDELLO;Ragusa;statale;rgic83600b@istruzione.it;rgic83600b@pec.istruzione.it;http://www.scuolapirandellocomiso.edu.it/;NON PRESENTE;https://www.facebook.com/luigipirandellocomiso/;0932961245
PADRE PIO DA PIETRELCINA;Ragusa;statale;rgic83000c@istruzione.it;rgic83000c@pec.istruzione.it;https://www.istitutopadrepioispica.edu.it/;NON PRESENTE;https://www.facebook.com/veneto79/?locale=it_IT;0932 793318
PORTELLA DELLA GINESTRA;Ragusa;statale;rgic829008@istruzione.it;rgic829008@pec.istruzione.it;http://www.istitutocomprensivoportella.it/;NON PRESENTE;https://www.facebook.com/61572566934884/;0932 518939
PRINCIPI GRIMALDI;Ragusa;statale;rgrh020005@istruzione.it;rgrh020005@pec.istruzione.it;https://www.principigrimaldi.edu.it/;NON PRESENTE;https://www.facebook.com/istitutoalberghieroprincipigrimaldimodica/;0932 762991
QUINTINO CATAUDELLA;Ragusa;statale;rgis00800b@istruzione.it;rgis00800b@pec.istruzione.it;http://www.istitutocataudella.it/;NON PRESENTE;https://www.facebook.com/profile.php?id=100063774741438;333 685 2925
RAFFAELE POIDOMANI;Ragusa;statale;rgic825001@istruzione.it;rgic825001@pec.istruzione.it;https://www.scuolapoidomani.edu.it/;NON PRESENTE;https://www.facebook.com/p/Raffaele-Poidomani-100054448812561/?locale=it_IT;0932 904298
S. MARTA - E. CIACERI;Ragusa;statale;rgic809003@istruzione.it;rgic809003@pec.istruzione.it;http://www.santamartamodica.it/;NON PRESENTE;https://www.facebook.com/groups/3266032086943042/;0932 941968
"""ARCHIMEDE"" ROSOLINI";Siracusa;statale;sris017003@istruzione.it;sris017003@pec.istruzione.it;https://www.istitutosuperiorearchimede.edu.it/;NON PRESENTE;https://www.facebook.com/profile.php?id=100057359924005;0931 502286 
"""L.DA VINCI"" FLORIDIA";Siracusa;statale;srps150001@istruzione.it;srps150001@pec.istruzione.it;https://www.liceofloridia.edu.it/;NON PRESENTE;https://www.facebook.com/LiceoScientificoLeonardoDaVinciFloridia/?locale=it_IT;0931.949768
"""MATTEO RAELI""";Siracusa;statale;sris016007@istruzione.it;sris016007@pec.istruzione.it;https://www.istitutoraelinoto.edu.it/;NON PRESENTE;https://www.facebook.com/ArteaNoto/;0931 835607
"""PIER LUIGI NERVI- ALAIMO "" LENTINI";Siracusa;statale;sris011004@istruzione.it;sris011004@pec.istruzione.it;https://www.istitutonervialaimo.edu.it/;NON PRESENTE;NON PRESENTE;095 901808
"""T. GARGALLO"" SIRACUSA";Siracusa;statale;srpc08000r@istruzione.it;srpc08000r@pec.istruzione.it;https://www.liceogargallo.edu.it/;NON PRESENTE;https://www.facebook.com/p/Liceo-Gargallo-Siracusa-100063660847996/?locale=it_IT;0931490053
"I I.C. ""G. E. RIZZO"" MELILLI";Siracusa;statale;sric84000x@istruzione.it;sric84000x@pec.istruzione.it;https://www.comprensivomelilli.edu.it/;NON PRESENTE;NON PRESENTE;0931 551782
"I I.C. ""PIRANDELLO"" CARLENTINI";Siracusa;statale;sric823006@istruzione.it;sric823006@pec.istruzione.it;https://www.1comprcarlentinipirandello.edu.it/;NON PRESENTE;https://www.facebook.com/p/Istituto-Comprensivo-Pirandello-Carlentini-100057389082848/?locale=it_IT;0957831565
"I I.C. ""SILVIO PELLICO"" PACHINO";Siracusa;statale;sric853002@istruzione.it;sric853002@pec.istruzione.it;https://www.pellicopachino.edu.it/;NON PRESENTE;NON PRESENTE;0931 801226
"I.C. ""F. D'AMICO"" ROSOLINI";Siracusa;statale;sric85100a@istruzione.it;sric85100a@pec.istruzione.it;https://www.damicorosolini.edu.it/;NON PRESENTE;https://www.facebook.com/damicorosolini;0931 855955
"I.C. ""G. LOMBARDO RADICE"" SR";Siracusa;statale;sric86200r@istruzione.it;sric86200r@pec.istruzione.it;https://www.istitutocomprensivoglradice.edu.it/;NON PRESENTE;NON PRESENTE;093167682
"I.C. ""S. RAITI"" SIRACUSA";Siracusa;statale;sric861001@istruzione.it;sric861001@pec.istruzione.it;http://www.istitutoraiti.edu.it/;NON PRESENTE;https://www.facebook.com/p/Istituto-Comprensivo-S-Raiti-Siracusa-100058795253915/;0931 67426
I.C. E. DE CILLIS ROSOLINI;Siracusa;statale;sric85000e@istruzione.it;sric85000e@pec.istruzione.it;https://www.decillisrosolini.edu.it/;NON PRESENTE;https://www.facebook.com/685902728117252;0931 855460
"I.C.""WOJTYLA-CHINDEMI"" SIRACUSA";Siracusa;statale;sric81100x@istruzione.it;sric81100x@pec.istruzione.it;http://www.14comprensivosr.edu.it/;NON PRESENTE;https://www.facebook.com/istitutocomprensivowojtylachindemisr/;0931 37234
"I.I.S.S ""MAJORANA""";Siracusa;statale;sris02300a@istruzione.it;sris02300a@pec.istruzione.it;https://www.istitutomajoranaavola.edu.it/;NON PRESENTE;https://www.facebook.com/liceoclassicomajorana/;0931 831970
"I.S. ""FEDERICO II DI SVEVIA""";Siracusa;statale;srrh040007@istruzione.it;srrh040007@pec.istruzione.it;http://federicosecondodisveviasr.it/;NON PRESENTE;https://www.facebook.com/istitutofedericosecondodisveviasiracusa/?locale=it_IT;0931417665
"I.S. ""GORGIA VITTORINI-MONCADA""";Siracusa;statale;sris02800d@istruzione.it;sris02800d@pec.istruzione.it;https://www.gorgiavittorinimoncada.edu.it/;NON PRESENTE;https://www.facebook.com/liceogorgiavittorini/?locale=it_IT;095901969
"I.S. ""RIZZA-INSOLERA""";Siracusa;statale;sris024006@istruzione.it;sris024006@pec.istruzione.it;https://istitutofiladelfoinsolera.edu.it/;NON PRESENTE;https://www.facebook.com/filadelfoinsolera/;0931 493933
"II I.C. ""G. BIANCA"" AVOLA";Siracusa;statale;sric83300r@istruzione.it;sric83300r@pec.istruzione.it;https://www.icbianca.edu.it/;NON PRESENTE;https://www.facebook.com/II.IC.BiancaAvola/?locale=it_IT;0931 834005
"III I.C. ""S. LUCIA"" SIRACUSA";Siracusa;statale;sric828009@istruzione.it;sric828009@pec.istruzione.it;http://3icsr.edu.it/;NON PRESENTE;https://www.facebook.com/3ICSIRACUSA/;0931 60376
"IS ""RUIZ"" DI AUGUSTA";Siracusa;statale;sris009004@istruzione.it;sris009004@pec.istruzione.it;https://www.2superioreaugusta.edu.it/index.php;NON PRESENTE;https://www.facebook.com/ruiz.augusta/;0931991894
IST.ISTR.SUPERIORE PALAZZOLO ACREIDE;Siracusa;statale;sris003005@istruzione.it;sris003005@pec.istruzione.it;http://www.polivalentepalazzolo.edu.it/;NON PRESENTE;https://www.facebook.com/p/Polivalente-Palazzolo-Acreide-IIS-100085005846217/;0931882325
"IV I.C. ""D. COSTA"" AUGUSTA";Siracusa;statale;sric831005@istruzione.it;sric831005@pec.istruzione.it;https://www.4istitutocosta.edu.it/;NON PRESENTE;https://www.facebook.com/p/4-Istituto-Comprensivo-D-Costa-Augusta-100086595142010/?locale=it_IT;0931991495
"IV I.C. ""G. MARCONI"" LENTINI";Siracusa;statale;sric852006@istruzione.it;sric852006@pec.istruzione.it;http://www.4comprensivomarconi.edu.it/;NON PRESENTE;https://www.facebook.com/marconilentini/;095 901019
L. EINAUDI;Siracusa;statale;sris029009@istruzione.it;sris029009@pec.istruzione.it;http://www.istitutoeinaudi.edu.it/;NON PRESENTE;https://www.facebook.com/IISEinaudiSiracusa/?locale=it_IT;0931 38043
MEGARA;Siracusa;statale;srpc070006@istruzione.it;srpc070006@pec.istruzione.it;https://www.liceomegara.edu.it/;NON PRESENTE;https://www.facebook.com/profile.php?id=100057202429499; 0931.522024
PAOLO CALLERI;Siracusa;statale;sris02100p@istruzione.it;sris02100p@pec.istruzione.it;https://www.istitutocallerimarzamemi.edu.it/;NON PRESENTE;https://www.facebook.com/istitutocalleri.marzamemi;0931 841272
"TERZO I.C. ""F. MAIORE"" - NOTO";Siracusa;statale;sric858005@istruzione.it;sric858005@pec.istruzione.it;https://www.maiorenoto.edu.it/;NON PRESENTE;https://www.facebook.com/61565879470362/;0931 835801
VII I.C. G.A. COSTANZO SIRACUSA;Siracusa;statale;sric80600c@istruzione.it;sric80600c@pec.istruzione.it;https://settimocostanzosr.edu.it/;NON PRESENTE;https://www.facebook.com/p/7-Istituto-Comprensivo-G-A-Costanzo-Siracusa-61553629702637/;0931 758333
VIII I.C. E. VITTORINI SIRACUSA;Siracusa;statale;sric829005@istruzione.it;sric829005@pec.istruzione.it;http://www.vittorini.edu.it/;NON PRESENTE;https://www.facebook.com/groups/743376552399062/;0931 37085
"X I.C. "" E. GIARACA' "" SIRACUSA";Siracusa;statale;sric81200q@istruzione.it;sric81200q@pec.istruzione.it;https://www.istitutocomprensivogiaraca.edu.it/;NON PRESENTE;https://www.facebook.com/p/X-Istituto-Comprensivo-E-Giarac%C3%A0-Siracusa-61572632858948/;0931 754888
"XII I.C. ""V. BRANCATI"" SIRACUSA";Siracusa;statale;sric808004@istruzione.it;sric808004@pec.istruzione.it;http://www.dodicesimosiracusa.edu.it/;NON PRESENTE;NON PRESENTE;0931 744736
"XIII I.C.""ARCHIMEDE"" SIRACUSA";Siracusa;statale;sric81300g@istruzione.it;sric81300g@pec.istruzione.it;http://www.istitutocomprensivoarchimede.edu.it/;NON PRESENTE;https://www.facebook.com/p/XIII-Istituto-Comprensivo-Archimede-Siracusa-61553999225379/;0931 493437
XV I.C. P. ORSI SIRACUSA;Siracusa;statale;sric80900x@istruzione.it;sric80900x@pec.istruzione.it;https://www.15icpaolorsi.edu.it/;NON PRESENTE;https://www.facebook.com/groups/237990755073691/;093168350
"""A. DAMIANI"" MARSALA";Trapani;statale;tpis01200q@istruzione.it;tpis01200q@pec.istruzione.it;https://www.istitutodamiani.edu.it/;NON PRESENTE;https://www.facebook.com/istitutodamiani.edu.it/;0923989031
"""I. E V. FLORIO"" ERICE";Trapani;statale;tpis03300r@istruzione.it;tpis03300r@pec.istruzione.it;https://www.istitutoflorioerice.edu.it/;NON PRESENTE;https://www.facebook.com/IpseoaiVFlorioErice/?locale=it_IT; 0923 556001
"""STEFANO PELLEGRINO""";Trapani;statale;tpic82000e@istruzione.it;tpic82000e@pec.istruzione.it;https://icstefanopellegrino.edu.it/;NON PRESENTE;https://www.facebook.com/pages/Istituto-Comprensivo-Stefano-Pellegrino-Marsala/870656369633144;0923 756011
CONVITTO AUDIOFONOLESI MARSALA;Trapani;statale;tpvc050004@istruzione.it;tpvc050004@pec.istruzione.it;https://www.cavourmazziniconvitto.edu.it/;NON PRESENTE;NON PRESENTE;0923989455
"I. C. ""D.ALIGHIERI"" VALDERICE";Trapani;statale;tpic83700x@istruzione.it;tpic83700x@pec.istruzione.it;https://icdantealighierivalderice.edu.it/;NON PRESENTE;https://www.facebook.com/DanteAlighieriValderice/?locale=it_IT;0923836068
"I. C. ""G. MAZZINI"" ERICE";Trapani;statale;tpic831001@istruzione.it;tpic831001@pec.istruzione.it;https://www.mazzinierice.edu.it/;NON PRESENTE;https://www.facebook.com/p/Istituto-Comprensivo-GMazzini-Erice-100075501983166/;0923826198
"I.C ""NUNZIO NASI"" TRAPANI";Trapani;statale;tpic84000q@istruzione.it;tpic84000q@pec.istruzione.it;https://www.scuolanunzionasi.edu.it/;NON PRESENTE;https://www.facebook.com/p/Istituto-Comprensivo-Nunzio-Nasi-Trapani-100062950734398/?locale=it_IT;0923 552682
"I.C. ""DON BOSCO-ROCCA""";Trapani;statale;tpic84800a@istruzione.it;tpic84800a@pec.istruzione.it;https://icdonboscorocca.edu.it/;NON PRESENTE;https://www.facebook.com/p/IC-Don-Bosco-Rocca-Alcamo-61566163570070/;0924 514585
"I.C. ""E. PERTINI""";Trapani;statale;tpic84200b@istruzione.it;tpic84200b@pec.istruzione.it;https://www.icpertinitrapani.edu.it/;NON PRESENTE;https://www.facebook.com/share/15ik7DGyB8/;0923539178
"I.C. ""F.VIVONA"" CALATAFIMI";Trapani;statale;tpic81300b@istruzione.it;tpic81300b@pec.istruzione.it;https://www.istitutocomprensivovivona.edu.it/;NON PRESENTE;https://www.facebook.com/p/IC-F-Vivona-Calatafimi-100057302085632/?locale=it_IT;0924951311
"I.C. ""G.GARIBALDI - G.PAOLO II""";Trapani;statale;tpic829001@istruzione.it;tpic829001@pec.istruzione.it;https://icgaribaldisalemi.edu.it/;NON PRESENTE;https://www.facebook.com/IstitutoComprensivoGaribaldiSalemi/?locale=it_IT;0924982254
"I.C. ""G.PAGOTO"" ERICE";Trapani;statale;tpic835008@istruzione.it;tpic835008@pec.istruzione.it;https://www.icgpagoto.edu.it/;NON PRESENTE;https://www.facebook.com/groups/megafono.pagoto.erice/?locale=it_IT;0923 551599
"I.C. ""G.PASCOLI - L.PIRANDELLO""";Trapani;statale;tpic81900a@istruzione.it;tpic81900a@pec.istruzione.it;https://pascoli-pirandello.edu.it/;NON PRESENTE;https://www.facebook.com/ICPascoliPirandello/?locale=it_IT;092431586
"I.C. ""GESUALDO NOSENGO""";Trapani;statale;tpic806008@istruzione.it;tpic806008@pec.istruzione.it;https://icnosengo.edu.it/;NON PRESENTE;https://www.facebook.com/istitutonosengopetrosino/?locale=it_IT;0923 985877
"I.C. ""GIOVANNI XXIII"" PACECO";Trapani;statale;tpic83300l@istruzione.it;tpic83300l@pec.istruzione.it;https://www.icpaceco.edu.it/;NON PRESENTE;https://www.facebook.com/p/IC-Giovanni-XXIII-di-Paceco-100063713406230/?locale=it_IT;0923881297
"I.C. ""GIUSEPPE PITRE""";Trapani;statale;tpic814007@istruzione.it;tpic814007@pec.istruzione.it;https://giuseppepitre.edu.it/;NON PRESENTE;https://www.facebook.com/p/Istituto-Autonomo-Comprensivo-Giuseppe-Pitr%C3%A8-100057414310868/?locale=it_IT;092431282
"I.C. ""LUIGI STURZO - ASTA""";Trapani;statale;tpic82100a@istruzione.it;tpic82100a@pec.istruzione.it;https://icsturzoasta.edu.it/;NON PRESENTE;https://www.facebook.com/sturzo.asta/; 0923.712.353
"I.C. ""M.NUCCIO""";Trapani;statale;tpic81700p@istruzione.it;tpic81700p@pec.istruzione.it;https://www.marionuccio.edu.it/;NON PRESENTE;https://www.facebook.com/100064161514093/?locale=te_IN;0923 981319
"I.C. ""S. BAGOLINO"" ALCAMO";Trapani;statale;tpic83400c@istruzione.it;tpic83400c@pec.istruzione.it;https://www.scuolabagolino.edu.it/;NON PRESENTE;https://www.facebook.com/scuolabagolino/?locale=it_IT;39092422120
I.C. G.BOSCARINO-A.CASTIGLIONE;Trapani;statale;tpic83800q@istruzione.it;tpic83800q@pec.istruzione.it;https://www.icboscarinocastiglione.edu.it/;NON PRESENTE;https://www.facebook.com/BoscarinoCastiglione/?locale=it_IT;0923 941146
I.C. G.GARIBALDI - V.PIPITONE;Trapani;statale;tpic83900g@istruzione.it;tpic83900g@pec.istruzione.it;https://www.icgaribaldipipitonemarsala.edu.it/;NON PRESENTE;https://www.facebook.com/icgaribaldipipitonemarsala/?locale=it_IT;0923719661
"I.C.""L. PIRANDELLO - S.G.BOSCO""";Trapani;statale;tpic81800e@istruzione.it;tpic81800e@pec.istruzione.it;https://www.iccampobellodimazara.edu.it/;NON PRESENTE;https://www.facebook.com/p/Istituto-Comprensivo-Pirandello-SG-Bosco-Campobello-di-Mazara-TP-100064062254018/?locale=it_IT;0924 47674
"I.C.S. ""RITA LEVI-MONTALCINI""";Trapani;statale;tpic82400t@istruzione.it;tpic82400t@pec.istruzione.it;https://www.icpartanna.edu.it/;NON PRESENTE;https://www.facebook.com/istitutocomprensivopartanna/?locale=it_IT;092488327
"I.I.S. ""CIPOLLA-PANTALEO-GENTILE""";Trapani;statale;tpis032001@istruzione.it;tpis032001@pec.istruzione.it;https://liceicastelvetrano.edu.it/;NON PRESENTE;NON PRESENTE;0924 901344
"I.I.S. ""L.S. V.FARDELLA-L.C. L.XIMENES""";Trapani;statale;tpis029005@istruzione.it;tpis029005@pec.istruzione.it;https://liceofardellaximenes.edu.it/;NON PRESENTE;https://www.facebook.com/FardellaXimenes/?locale=it_IT;092323903
"I.I.S. ""S.CALVINO - G. B. AMICO""";Trapani;statale;tpis028009@istruzione.it;tpis028009@pec.istruzione.it;https://www.iscalvinoamico.edu.it/;NON PRESENTE;https://www.facebook.com/p/Istituto-dIstruzione-Superiore-Calvino-Amico-di-Trapani-100060537891784/?locale=it_IT;0923 21016
"I.I.S.S. ""F. D'AGUIRRE - D. ALIGHIERI""";Trapani;statale;tpis002005@istruzione.it;tpis002005@pec.istruzione.it;https://www.istitutodaguirre.edu.it/;NON PRESENTE;https://www.facebook.com/p/Istituto-DAguirre-Salemi-Alighieri-Partanna-100063854970819/;0924 534873
"I.I.S.S. ""R. D'ALTAVILLA -";Trapani;statale;tpis01400b@istruzione.it;tpis01400b@pec.istruzione.it;https://www.isruggierodaltavilla.edu.it/;NON PRESENTE;https://www.facebook.com/isdaltavillamazara/?locale=it_IT;0923 941459
"I.I.S.S. ""SCIASCIA E BUFALINO"" ERICE";Trapani;statale;tpis02200a@istruzione.it;tpis02200a@pec.istruzione.it;http://www.sciasciaebufalino.edu.it/;NON PRESENTE;https://www.facebook.com/p/IISS-Sciascia-e-Bufalino-100037144991017/?locale=it_IT;0923 569559
I.S. G.B.FERRIGNO V. ACCARDI - V. TITONE;Trapani;statale;tpis02100e@istruzione.it;tpis02100e@pec.istruzione.it;https://www.ferrignoaccardititone.edu.it/;NON PRESENTE;https://www.facebook.com/itcgbferrigno/?locale=it_IT;0924 81151
"I.T.E.T. ""G. CARUSO"" ALCAMO";Trapani;statale;tptd02000x@istruzione.it;tptd02000x@pec.istruzione.it;https://gcaruso.edu.it/;NON PRESENTE;https://www.facebook.com/ITETGirolamocaruso/?locale=it_IT;0924 507600
"I.T.E.T. ""G. GARIBALDI"" MARSALA";Trapani;statale;tptd03000e@istruzione.it;tptd03000e@pec.istruzione.it;https://itetgaribaldi.edu.it/;NON PRESENTE;https://www.facebook.com/ItcGiuseppeGaribaldi/?locale=it_IT;0923 951806
"IST. ISTRUZ. SUP. ""L.DA VINCI"" TRAPANI";Trapani;statale;tpis01800p@istruzione.it;tpis01800p@pec.istruzione.it;https://www.isdavincitorre.edu.it/;NON PRESENTE;https://www.facebook.com/itidavincitrapani/?locale=it_IT;0923 29498
"LIC. SCIENTIFICO ""P.RUGGIERI"" MARSALA";Trapani;statale;tpps10000q@istruzione.it;tpps10000q@pec.istruzione.it;http://liceoruggierimarsala.edu.it/;NON PRESENTE;https://www.facebook.com/p/Liceo-Scientifico-P-Ruggieri-Marsala-100063920358595/?locale=it_IT;0923 718295
LICEO PASCASINO - GIOVANNI XXIII;Trapani;statale;tppm03000q@istruzione.it;tppm03000q@pec.istruzione.it;https://www.liceopascasinomarsala.edu.it/;NON PRESENTE;https://www.facebook.com/liceopascasinogiovannixxiii/?locale=it_IT;0923 192 8988
POLO STATALE I.S.S. PIERSANTI MATTARELLA;Trapani;statale;tpis008004@istruzione.it;tpis008004@pec.istruzione.it;https://www.polostatalepiersantimattarella.edu.it/;NON PRESENTE;https://www.facebook.com/PoloStataleP.MattarellaCastellammaredelGolfoAlcamo/;092431903
